标题,总价（万）,单价,小区,区域,房间数,大小,朝向,建造时间,标签,城市
急售招商花园城旁6.7号线地铁口青秀城3室2厅1卫298万,298,33853元/㎡,中铁青秀城,栖霞,3,88.03㎡,南北,2014年建造,"['南北', '满二年']",南京
百家湖次新 必看好房 M五W1税少 中间好楼层 价格可以谈~,338,34685元/㎡,中航樾府,江宁,3,97.45㎡,南北,2015年建造,"['南北', '满二年', '近地铁', '多人关注']",南京
急售 燕子矶67号线地铁口 招商花园城旁 海赋尚城 南师,335,34184元/㎡,海赋尚城二期,栖霞,3,98㎡,南北,2000年建造,"['热门小区', '南北通透', '配套成熟']",南京
新房团购双优惠 燕子矶新城 商业中心 双地铁口,300,25000元/㎡,华发·四季雅筑,栖霞,3,120㎡,南,,"['双卫生间', '双阳台', '大户型', '购物中心']",南京
万寿双地铁口精装三房全明户型南北通透配套完善交通方便业主急售,298,33988元/㎡,招商1872依云华府,栖霞,3,87.68㎡,南,2019年建造,"['南', '满二年', '次新房']",南京
楼层 满二 精装修带墙暖 朝南 房间外拓,318,32606元/㎡,金地湖城艺境,栖霞,3,97.53㎡,南,2016年建造,"['南', '热门小区', '近地铁', '配套成熟']",南京
天润城第十街区 飞机户三房 精装修 采光充足 近地铁口 急售,162,18000元/㎡,天润城第十街区,浦口,3,90㎡,南北,2012年建造,"['南北', '满五年', '近地铁', '多人关注']",南京
仙外燕子矶分部旁，燕子矶红盘！99~140平 可选,300,30304元/㎡,华发·四季雅筑,栖霞,3,99㎡,南,,"['双卫生间', '双阳台', '购物中心', '高绿化率']",南京
房源采光好，南北通透，业主诚意出,345,51516元/㎡,王府园小区,秦淮,2,66.97㎡,南,1988年建造,"['南', '房东急售']",南京
急售 燕子矶万寿双地铁口 青秀城 次新房 招商花园城旁 急售,298,33853元/㎡,中铁青秀城,栖霞,3,88.03㎡,南,2016年建造,"['南', '热门小区', '稀缺户型', '随时可看']",南京
南北通透 86平 莱蒙水榭阳光 精装修 居家自住 保养好,245,28243元/㎡,莱蒙水榭阳光,雨花台,3,86.75㎡,南北,2016年建造,"['南北', '热门小区', '配套成熟', '价格优惠']",南京
降价40万 南部新城 多层洋房 豪华装修 6号线地铁 户型好,189,30994元/㎡,龙苑新寓一村,秦淮,2,60.98㎡,南北,1998年建造,"['南北通透', '满五', '房东急售']",南京
五一购房节，特价 南京万达茂 仙林湖 4号地铁口 欢迎咨询,355,35859元/㎡,电建建发·兰亭和颂,栖霞,3,99㎡,南,,"['南北通透', '三房朝南', '大阳台', '轨交房']",南京
银城东苑中心位置 中高楼层 紫金山住宅 理工不占用 低价急售,598,45304元/㎡,银城东苑,玄武,3,132㎡,南北,2006年建造,"['南北', '配套成熟', '满五', '房东急售']",南京
290W急售 迈皋桥金浦御龙湾精装 三房采光好 南北通透,290,32596元/㎡,金浦御龙湾H区,栖霞,3,88.97㎡,南北,2017年建造,"['南北', '满二年']",南京
地铁口江雁依山郡新出收证 一楼带平台大两房业主诚心降价急售,310,35633元/㎡,江雁依山郡,鼓楼,2,87㎡,南,2000年建造,"['南', '近地铁']",南京
房源采光好，南北通透，业主诚意出,122,14510元/㎡,朗诗未来家,滨江开发区,3,84.08㎡,南,2014年建造,"['南', '热门小区', '配套成熟', '价格优惠']",南京
真 迈皋桥燕子矶1号线地铁口 融创中海旁 南师附中 非顶楼,362,32910元/㎡,弘阳燕江府,栖霞,3,110㎡,南北,2016年建造,"['南北', '有电梯']",南京
玄武湖畔 中央门小市地铁口 满五 精装3室 地下室有钥匙,260,33402元/㎡,泰和园,鼓楼,3,77.84㎡,南北,2004年建造,"['热门小区', '南北通透', '配套成熟']",南京
精装修 2室1厅 82平 天元城 朝南 楼层好 视野无遮挡,234,28320元/㎡,天元城,江宁,2,82.63㎡,南,2007年建造,"['南', '热门小区', '近地铁', '房东急售']",南京
燕核新城 央企精工 双线地铁 环绕 自带会所城市公园,320,32324元/㎡,保利·燕璟和颂,栖霞,3,99㎡,南,,['车位充足'],南京
满二 中海燕矶听潮C区 南北通透 电梯房 128平 居家自住,450,35157元/㎡,中海燕矶听潮C区,栖霞,4,128㎡,南北,2019年建造,"['南北', '满二年', '车位充足']",南京
朗诗未来街区(东区) 电梯房 满五 住房 74平 房东急置,155,20938元/㎡,朗诗未来街区(东区),浦口,3,74.03㎡,南北,2017年建造,"['南北', '满五年', '近地铁']",南京
经理推荐，115万可售，欢迎咨询,125,13889元/㎡,麒麟紫荆城泉水苑,江宁,3,90㎡,南北,2016年建造,"['南北', '配套成熟', '稀缺户型', '房东急售']",南京
丁家庄 燕舞园 满五 3室 电梯房 诚心出售 价格可议,175,19969元/㎡,燕舞园,栖霞,3,87.64㎡,南,2013年建造,"['南', '满五年', '多人关注']",南京
特价房 龙湖天曜 精装修三房 龙湖天街旁 看房随时 车接车,340,29566元/㎡,龙湖天曜城,浦口,3,115㎡,南,,"['大户型', '轨交房', '车位充足']",南京
地铁口 中海燕矶听潮C区 精装修 满二 朝南 房东急置换,335,33169元/㎡,中海燕矶听潮C区,栖霞,3,101㎡,南,2020年建造,"['南', '热门小区', '满五', '随时可看']",南京
"急需用钱,便宜出售南北通透 3房 随时看房看中好谈 急卖",425,48857元/㎡,佳和园,鼓楼,3,86.99㎡,南北,2018年建造,"['南北', '热门小区', '近地铁', '配套成熟']",南京
拼速度 海峡城 满五年 无贷款 不占 快点抢吧 错过没了,332,43168元/㎡,海峡城云珑湾,建邺,2,76.91㎡,南北,2015年建造,"['南北', '热门小区', '价格优惠', '房东急售']",南京
央企保利燕核CBD门户标杆产品，双地铁，私享会所，公园大盘,287,32248元/㎡,保利·燕璟和颂,栖霞,3,89㎡,南,,['车位充足'],南京
新上捡漏 业主换房急售 南北通透 价格空间大 带车位,65,7927元/㎡,仙林悦城,南京周边,3,82㎡,南北,2019年建造,"['南北', '热门小区', '价格优惠', '房东急售']",南京
3室2厅 电梯洋房 二次居家精装 拎包可入住 价格可谈,161.6,17377元/㎡,南京碧桂园浅山苑,滨江开发区,3,93㎡,南北,2018年建造,"['南北', '热门小区', '稀缺户型', '价格优惠']",南京
天润城第十二街区 92平 南北通透 精装修 看房方便 有钥匙,180,19525元/㎡,天润城第十二街区,浦口,3,92.19㎡,南北,2012年建造,"['南北', '满五年', '近地铁']",南京
双地铁 西边户楼层佳 随时看房 业主忍痛 价格可聊,335,31426元/㎡,中铁青秀城,栖霞,3,106.6㎡,南,2016年建造,"['南', '满二年']",南京
雨花核心区 软件谷 码农 双地铁 免费专车接 有团购优惠,363,40787元/㎡,保利合肥城建·凤起云台,雨花台,3,89㎡,南,,"['大阳台', '户型方正', '轨交房', '车位充足']",南京
贾西地铁口 精装三房 精装交付 带地暖 中高楼层,370,42529元/㎡,龙湖天钜,雨花台,3,87㎡,南北,2019年建造,"['南北', '满二年', '近地铁', '车位充足']",南京
莉湖春晓三室两厅，全屋精装，采光好，小区环境舒适,116,13173元/㎡,荣盛莉湖春晓,六合,3,88.06㎡,南北,2016年建造,"['南北', '满二年', '近地铁']",南京
房源采光好，南北通透，业主诚意出,170,20128元/㎡,明发浦泰梦幻家,雨花台,3,84.46㎡,南,2017年建造,"['南', '配套成熟', '价格优惠', '房东急售']",南京
代理房源 不临街 价你定欢迎咨询 价比好房 中层精装双南,215,31976元/㎡,云谷山庄,鼓楼,2,67.24㎡,南北,2012年建造,"['南北', '热门小区', '稀缺户型', '价格优惠']",南京
急售好房 南北通透 装修保养好 拎包入住 采光刺眼 雨润大街,385,49480元/㎡,和府奥园,建邺,2,77.81㎡,南,2013年建造,"['南', '近地铁', '南北通透', '满五']",南京
宋都南郡(南区) 3室2厅 电梯房 朝南 精装修 诚心出售,203,22900元/㎡,宋都南郡(南区),雨花台,3,88.65㎡,南,2016年建造,"['南', '满二年']",南京
3号线锁金村 三室一厅 中间楼层 采光好 南北通透业主诚意出,240,28160元/㎡,锁金村7号小区,玄武,3,85.23㎡,南,1990年建造,"['南', '满五年', '近地铁']",南京
商品房住宅 3室2厅2卫 108m 南北通透 约475万,475,43982元/㎡,华润置地中心·云上润府,雨花台,3,108㎡,南,,"['南北通透', '厨卫全明', '主卧套房', '高绿化率']",南京
正南 2室1厅 企业力荐好房诚意出售,129,19546元/㎡,凤悦北园,栖霞,2,66㎡,南,1999年建造,"['南', '热门小区', '南北通透', '配套成熟']",南京
新出！ 威尼斯水城第十街区带阁楼带露台,128,14713元/㎡,威尼斯水城第十街区,浦口,3,87㎡,南北,2012年建造,"['南北通透', '稀缺户型', '公摊小']",南京
交通便利 业主诚心出售 周围设施齐全 挥泪出售,232,35264元/㎡,武定新村,秦淮,2,65.79㎡,南北,1995年建造,"['南北', '热门小区', '稀缺户型', '满五']",南京
南京 雨核软件谷 S3地铁口 精装修大三房 房东急售 有钥匙,350,38889元/㎡,龙湖天钜,雨花台,3,90㎡,南北,2020年建造,"['南北', '满二年', '近地铁', '车位充足']",南京
新街口核心 地铁口 顶奢商圈 特惠19万 七恒科技 豪宅公寓,318,53000元/㎡,香港置地·金陵中環,秦淮,1,60㎡,南北,,['多轨交'],南京
精装修 金科博翠花园 朝南 3室2厅 满二 楼层好 视野无遮,386,40209元/㎡,金科博翠花园,栖霞,3,96㎡,南,2020年建造,"['南', '热门小区', '价格优惠', '随时可看']",南京
银城东苑精装三房两房的价格买三房南北通透有钥匙看房随时方便,598,45625元/㎡,银城东苑,玄武,3,131.07㎡,南北,2005年建造,"['南北', '热门小区', '稀缺户型', '房东急售']",南京
中垠 小区中间不临街 双南三房 满两年,288,33303元/㎡,中垠紫金观邸,栖霞,3,86.48㎡,南北,2019年建造,"['南北', '满二年', '近地铁', '车位充足']",南京
尧化门精装三室四室，来电立减20万，高科大品牌，专车接,335,31019元/㎡,高科·紫尧星院,栖霞,3,108㎡,南,,['车位充足'],南京
高科荣境二期 高品质小区 人车分流 金中金小 省中医,468,50274元/㎡,高科荣境2期,栖霞,3,93.09㎡,南,2015年建造,"['南', '满二年', '近地铁']",南京
精装30万 全新未入住 低总价湖景房！带车位 满五,280,29167元/㎡,万达茂御湖仕家三期,栖霞,3,96㎡,南,2017年建造,"['南', '热门小区', '近地铁', '房东急售']",南京
尚书云邸必看好房 二小本部 中层不临街阳光好 业主诚售,269,31280元/㎡,尚书云邸,江宁,2,86㎡,南北,2018年建造,"['南北', '满二年']",南京
朗诗未来街区 精装修三房 南北通透 全新未住 风景优美,170,19102元/㎡,朗诗未来街区(西区),浦口,3,89㎡,南北,2015年建造,"['南北', '满五年', '近地铁']",南京
江北核心区 万科花语熙岸 抄底好房 找我团购优惠,336,34640元/㎡,中铁建·万科花语熙岸,浦口,3,97㎡,南,,"['南北通透', '厨卫全明', '动静分离', '车位充足']",南京
高科荣境2期 金中 金小 电梯房 双地铁,419,45059元/㎡,高科荣境2期,栖霞,3,92.99㎡,南,2015年建造,"['南', '满五年', '近地铁']",南京
招商1872依云华府 双地铁房 近商圈 阳光号 有钥匙看房,249,31924元/㎡,招商1872依云华府,栖霞,2,78㎡,南北,2017年建造,"['南北', '满二年', '次新房']",南京
高新地铁口 浦外旁 弘阳时光里 全新精装3房 南北通透户型,210,22827元/㎡,弘阳时光里一期,浦口,3,92㎡,南北,2015年建造,"['南北', '满二年', '近地铁', '次新房']",南京
恒大滨江 开发商精装 近地铁 满两年 楼层好 价格好 采光好,355,40132元/㎡,恒大滨江,鼓楼,2,88.46㎡,南,2020年建造,"['南', '热门小区', '近地铁', '房东急售']",南京
滨江新城 时光印象 精装出售 家电设施齐全 随时看房价格可谈,140,15713元/㎡,弘阳禹洲时光印象,滨江开发区,3,89.1㎡,南,2019年建造,"['南', '满二年', '车位充足']",南京
秦虹小区 武定新村 三房 价格可谈 房主诚心售,162,24624元/㎡,武定新村,秦淮,3,65.79㎡,南,1989年建造,"['南', '热门小区', '南北通透', '满五']",南京
时光里二期 婚装两房 基本未入住 全天采光 大开 视野,140,22454元/㎡,弘阳时光里二期,浦口,2,62.35㎡,南北,2017年建造,"['南北', '满五年', '近地铁', '次新房']",南京
开春钜惠！三号线地铁口50米，隔江就是鼓楼，免费专车接,264,22957元/㎡,苏宁环球·荣锦瑞府,浦口,3,115㎡,南,,"['大户型', '多轨交', '高绿化率']",南京
陶苑 满五 正南 2室2厅，性价比高，价格可谈,158,19037元/㎡,陶苑,江宁,2,83㎡,南,2009年建造,"['南', '配套成熟', '房东急售', '随时可看']",南京
正南 5室3厅 银河湾卓苑 精装修,176,19131元/㎡,银河湾卓苑,栖霞,5,92㎡,南,2015年建造,"['南', '绿化率高', '多人关注']",南京
南北通透 精装修 2室2厅 满五 住房 楼层好 视野无遮挡,162,18236元/㎡,威尼斯水城第十九街区,浦口,2,88.84㎡,南北,2019年建造,"['南北', '热门小区', '近地铁', '新上小区']",南京
满五 正南 2室2厅 银城东苑 精装修,410,41360元/㎡,银城东苑,玄武,2,99.13㎡,南,2008年建造,"['南', '热门小区', '南北通透', '配套成熟']",南京
鼓楼金陵小区.中冶锦绣和轩优惠多多,332,40000元/㎡,中冶·锦绣和轩,鼓楼,2,83㎡,南,,[],南京
国熙台二期 精装三房 中间楼层 低总价 虹悦城旁 急售,305,31771元/㎡,中建国熙台二期,浦口,3,96㎡,南北,2020年建造,"['南北', '满二年', '近地铁', '车位充足']",南京
99万得精装三房！刚需的典范！性价比之 ！地铁口,136,15517元/㎡,保利观棠和府,六合,3,87.65㎡,南,2019年建造,"['南', '热门小区', '近地铁', '价格优惠']",南京
抢 捡漏房 新城双本 总监推荐 中高楼层 采光刺眼 保养好,545,58634元/㎡,万科光明城市西苑,建邺,2,92.95㎡,南,2009年建造,"['南', '满五年', '近地铁', '车位充足']",南京
江北核中核 地铁口 480万方地下城旁 优惠楼盘,418,39810元/㎡,保利扬子萃云台,浦口,3,105㎡,南,,"['大阳台', '双卫生间', '主卧朝南', '车位充足']",南京
业主诚售燕江新城燕归苑双南两房配套齐全楼层好采光佳看房随时,120,17143元/㎡,燕江新城燕归苑,栖霞,2,70㎡,南,2017年建造,"['南', '有电梯']",南京
东渡国际青年城全南两房，拎包入住，户型方正，采光好,263,32350元/㎡,东渡国际青年城,江宁,2,81.3㎡,南北,2011年建造,"['南北', '热门小区', '配套成熟', '房东急售']",南京
南北通透 3室2厅 中海燕矶听潮 精装修,372,36832元/㎡,中海燕矶听潮C区,栖霞,3,101㎡,南北,2000年建造,"['南北', '有电梯', '车位充足']",南京
桥林上江府靠近地铁口俩房 房主诚心急售 低价76万 好楼层,83,10375元/㎡,康居上江府,浦口,2,80㎡,南,2019年建造,"['南', '近地铁', '次新房']",南京
铁建大悦城联合打造，双地铁环绕，紧靠核心区域,320,30477元/㎡,天悦风华,浦口,3,105㎡,南,,['车位充足'],南京
精装修 地铁口 莲花北苑 南北通透 采光好 周边商圈成,193,21932元/㎡,莲花新城北苑,建邺,3,88㎡,南北,2009年建造,"['南北', '热门小区', '配套成熟', '稀缺户型']",南京
西桥花苑 精装三房 低楼层 正规小区 地铁旁 业主诚售,395,46824元/㎡,西桥花苑,鼓楼,3,84.36㎡,南,1996年建造,"['南', '满五年', '近地铁']",南京
中航樾公馆 新空未住人 全南户型 楼层采光好 品质小区,209,23750元/㎡,中航樾公馆,江宁,3,88㎡,南,2018年建造,"['南', '唯一住房', '近地铁', '绿化率高']",南京
新上燕江园 南北通透 有钥匙单价1.9万 不是顶楼 急售,106,19273元/㎡,燕江园小区,鼓楼,2,55㎡,南北,2000年建造,"['南北', '近地铁', '价格优惠', '房东急售']",南京
迈皋桥二十九中旁金浦御龙湾全明边户南北通透业主急售,270,30327元/㎡,金浦御龙湾FG区,栖霞,2,89.03㎡,南,2017年建造,"['南', '有电梯', '近地铁', '车位充足']",南京
馨选好房~燕子矶 晓庄万寿 绿城东方兰园 中铁青秀城 次顶,369,29881元/㎡,中铁青秀城,栖霞,3,123.49㎡,南,2016年建造,"['南', '满二年']",南京
中粮悦天地公寓 精装修 挑高现房 看房方便 有钥匙,49,12250元/㎡,中粮悦天地公寓,江宁,2,40㎡,南北,2019年建造,"['南北', '热门小区', '近地铁', '配套成熟']",南京
武定门现房 底跃带院子 秦淮河畔 来电有优惠,396,30000元/㎡,中冶锦绣珑湾,建邺,4,132㎡,南北,,"['大户型', '轨交房', '低容积']",南京
房源采光好，南北通透，业主诚意出,305,43584元/㎡,小王府园50号小区,秦淮,3,69.98㎡,南北,1995年建造,"['南北', '满五年', '近地铁']",南京
房源采光好，南北通透，业主诚意出,122,14510元/㎡,朗诗未来家,滨江开发区,3,84.08㎡,南,2014年建造,"['南', '满五年']",南京
天润城16街区北区 2室2厅 163万元 精装,163,18132元/㎡,天润城十六街区(北区),浦口,2,89.9㎡,南北,2016年建造,"['南北', '满二年', '近地铁']",南京
新房团购双优惠 燕子矶新城 商业中心 双地铁口,300,25000元/㎡,华发·四季雅筑,栖霞,3,120㎡,南,,"['双卫生间', '双阳台', '大户型', '购物中心']",南京
青石村 一楼带院子 采光佳东边户 闹中取静 户型好 房主急卖,259,45793元/㎡,青岛路2-3号院,鼓楼,2,56.56㎡,南,1994年建造,"['南', '满五年', '近地铁', '多人关注']",南京
你想得到的不一定轮到你，但是现在有机会，3室，急售,125,13889元/㎡,麒麟紫荆城泉水苑,江宁,3,90㎡,南北,2014年建造,"['南北', '满二年', '多人关注']",南京
融侨世家新出好房 急售 低于市场30万,198,21742元/㎡,融侨世家,江宁,3,91.07㎡,南北,2013年建造,"['南北', '有电梯', '近地铁']",南京
仙外燕子矶分部旁，燕子矶红盘！99~140平 可选,300,30304元/㎡,华发·四季雅筑,栖霞,3,99㎡,南,,"['双卫生间', '双阳台', '购物中心', '高绿化率']",南京
3室2厅 电梯洋房 二次居家精装 拎包可入住 价格可谈,161.6,17377元/㎡,南京碧桂园浅山苑,滨江开发区,3,93㎡,南北,2018年建造,"['南北', '热门小区', '稀缺户型', '价格优惠']",南京
急售 燕子矶万寿双地铁口 青秀城 次新房 招商花园城旁 急售,298,33853元/㎡,中铁青秀城,栖霞,3,88.03㎡,南,2016年建造,"['南', '热门小区', '稀缺户型', '随时可看']",南京
虎踞路 29 中本部 大三房 不占 看房随时 采光好 清凉门,398,51945元/㎡,场门口小区,鼓楼,3,76.62㎡,南北,1995年建造,"['南北', '满五年', '近地铁']",南京
江山汇悦山府 地铁口交通便捷 环境秀丽人车分流 精装拎包入住,429,45829元/㎡,江山汇悦山府,鼓楼,3,93.61㎡,南北,2016年建造,"['南北', '满五年', '近地铁', '次新房']",南京
五一购房节，特价 南京万达茂 仙林湖 4号地铁口 欢迎咨询,355,35859元/㎡,电建建发·兰亭和颂,栖霞,3,99㎡,南,,"['南北通透', '三房朝南', '大阳台', '轨交房']",南京
天润城十六南区 紧邻弘阳 地铁3号线 婚装 设施 诚售,155,20479元/㎡,天润城十六街区(南区),浦口,2,75.69㎡,南北,2013年建造,"['南北', '满五年', '近地铁', '多人关注']",南京
代理房源 不临街 价你定欢迎咨询 价比好房 中层精装双南,215,31976元/㎡,云谷山庄,鼓楼,2,67.24㎡,南北,2012年建造,"['南北', '热门小区', '稀缺户型', '价格优惠']",南京
江宁大学城 4.8米挑高精装现房 民用水电 地铁 好人给优惠,55.5,11156元/㎡,中粮悦天地公寓,江宁,2,49.75㎡,南北,2020年建造,"['南北', '满二年', '近地铁', '次新房']",南京
急售 燕子矶67号线地铁口 招商花园城旁 海赋尚城 南师,335,34184元/㎡,海赋尚城二期,栖霞,3,98㎡,南北,2000年建造,"['热门小区', '南北通透', '配套成熟']",南京
竹山路地铁口 天泽苑花园洋房 大露台 130平米 368万,368,28313元/㎡,天泽苑,江宁,3,129.98㎡,南北,2010年建造,"['南北', '满五年', '近地铁']",南京
急急急 中南世纪雅苑 样板间 精装 采光好 随时看,195,21837元/㎡,中南世纪雅苑一期,栖霞,3,89.3㎡,南,2018年建造,"['南', '满五年', '次新房']",南京
燕歌园89.0平180万3室1厅1卫,180,20225元/㎡,燕歌园,栖霞,3,89㎡,南,2013年建造,"['南', '满五年']",南京
燕核新城 央企精工 双线地铁 环绕 自带会所城市公园,320,32324元/㎡,保利·燕璟和颂,栖霞,3,99㎡,南,,['车位充足'],南京
交通便利 业主诚心出售 周围设施齐全 挥泪出售,232,35264元/㎡,武定新村,秦淮,2,65.79㎡,南北,1995年建造,"['南北', '热门小区', '稀缺户型', '满五']",南京
科利华 十三中 低总价 挂XJ 好房 看房方便,255,53059元/㎡,北极山村,玄武,2,48.06㎡,南北,1990年建造,"['南北', '满五年', '近地铁']",南京
楼层 满二 精装修带墙暖 朝南 房间外拓,318,32606元/㎡,金地湖城艺境,栖霞,3,97.53㎡,南,2016年建造,"['南', '热门小区', '近地铁', '配套成熟']",南京
毗邻河西南京雨核S3地铁口中海城南公馆一站河西配套成熟,400,39394元/㎡,中海城南公馆(二期),雨花台,3,101.54㎡,南北,2019年建造,"['南北', '近地铁', '车位充足', '多人关注']",南京
特价房 龙湖天曜 精装修三房 龙湖天街旁 看房随时 车接车,340,29566元/㎡,龙湖天曜城,浦口,3,115㎡,南,,"['大户型', '轨交房', '车位充足']",南京
房源采光好，南北通透，业主诚意出,350,35067元/㎡,中电颐和府邸A区,栖霞,3,99.81㎡,南,2018年建造,"['南', '满二年', '近地铁', '车位充足']",南京
精装30万 全新未入住 低总价湖景房！带车位 满五,280,29167元/㎡,万达茂御湖仕家三期,栖霞,3,96㎡,南,2017年建造,"['南', '热门小区', '近地铁', '房东急售']",南京
急售天景山 春秀苑中套4楼 边户 采光无遮挡,165,17742元/㎡,天景山公寓春秀苑,江宁,3,93㎡,南北,2008年建造,"['南北', '满五年', '近地铁']",南京
央企保利燕核CBD门户标杆产品，双地铁，私享会所，公园大盘,287,32248元/㎡,保利·燕璟和颂,栖霞,3,89㎡,南,,['车位充足'],南京
中高楼层采光好，南北通透，居家保养好，看房方便，业主诚意出,450,50562元/㎡,鲁能公馆(建邺),建邺,3,89㎡,南,2018年建造,"['南', '满二年', '近地铁', '绿化率高']",南京
南北通透 86平 莱蒙水榭阳光 精装修 居家自住 保养好,245,28243元/㎡,莱蒙水榭阳光,雨花台,3,86.75㎡,南北,2016年建造,"['南北', '热门小区', '配套成熟', '价格优惠']",南京
南北通透 紫御东方(二期) 采光好 周边商圈成熟 诚意买房,258,33077元/㎡,紫御东方(二期),栖霞,3,78㎡,南北,2018年建造,"['南北', '有电梯', '次新房']",南京
恒大滨江 开发商精装 近地铁 满两年 楼层好 价格好 采光好,355,40132元/㎡,恒大滨江,鼓楼,2,88.46㎡,南,2020年建造,"['南', '热门小区', '近地铁', '房东急售']",南京
雨花核心区 软件谷 码农 双地铁 免费专车接 有团购优惠,363,40787元/㎡,保利合肥城建·凤起云台,雨花台,3,89㎡,南,,"['大阳台', '户型方正', '轨交房', '车位充足']",南京
仁恒物业！月牙湖畔！中间楼层三开间朝南！得房率高！好房随时看,460,38108元/㎡,梅花山庄,秦淮,3,120.71㎡,南北,1998年建造,"['南北', '满五年', '近地铁', '绿化率高']",南京
南北通透 4室2厅 金地明悦 精装修,279,23845元/㎡,金地明悦,栖霞,4,117.01㎡,南北,2013年建造,['南北'],南京
南北通透 精装修 2室2厅 满五 住房 楼层好 视野无遮挡,162,18236元/㎡,威尼斯水城第十九街区,浦口,2,88.84㎡,南北,2019年建造,"['南北', '热门小区', '近地铁', '新上小区']",南京
房源采光好，南北通透，业主诚意出,345,51516元/㎡,王府园小区,秦淮,2,66.97㎡,南,1988年建造,"['南', '房东急售']",南京
1号线地铁站旁 百小电梯三房 3楼 采光不挡 性价比不错 诚,318,32937元/㎡,金王府小区,江宁,3,96.55㎡,南北,2013年建造,"['南北', '满二年', '近地铁', '绿化率高']",南京
东渡国际青年城全南两房，拎包入住，户型方正，采光好,263,32350元/㎡,东渡国际青年城,江宁,2,81.3㎡,南北,2011年建造,"['南北', '热门小区', '配套成熟', '房东急售']",南京
报价再降五万 价好谈 精装两室 看房有钥匙房东急置换诚意买房,105,19277元/㎡,燕江园小区,鼓楼,2,54.47㎡,南北,1996年建造,"['南北', '满五年', '近地铁', '多人关注']",南京
商品房住宅 3室2厅2卫 108m 南北通透 约475万,475,43982元/㎡,华润置地中心·云上润府,雨花台,3,108㎡,南,,"['南北通透', '厨卫全明', '主卧套房', '高绿化率']",南京
南北通透 3室2厅 尧顺佳园(南区),169,19426元/㎡,尧顺佳园(北区),栖霞,3,87㎡,南北,2000年建造,['南北'],南京
低总价 银城东苑 精装修 电梯房 房东急置换 诚意买房,418,45694元/㎡,银城东苑,玄武,2,91.48㎡,南北,2006年建造,"['南北', '满五年', '近地铁']",南京
降价40万 南部新城 多层洋房 豪华装修 6号线地铁 户型好,189,30994元/㎡,龙苑新寓一村,秦淮,2,60.98㎡,南北,1998年建造,"['南北通透', '满五', '房东急售']",南京
天润城第六街区 南北通透 满二 2室2厅 精装修 房东急置换,124,13778元/㎡,天润城第六街区,浦口,2,90㎡,南北,2008年建造,"['南北', '满二年', '近地铁', '车位充足']",南京
新街口核心 地铁口 顶奢商圈 特惠19万 七恒科技 豪宅公寓,318,53000元/㎡,香港置地·金陵中環,秦淮,1,60㎡,南北,,['多轨交'],南京
3室2厅 87平 满二 保利梧桐语 电梯房 房东急置换,180,20600元/㎡,保利梧桐语,江宁,3,87.38㎡,南,2016年建造,"['南', '满二年', '近地铁']",南京
精装修 威尼斯水城十三街区 三室二厅一卫 自住保养非常好,165,17327元/㎡,威尼斯水城第十三街区,浦口,3,95.23㎡,南北,2013年建造,"['南北', '近地铁', '车位充足', '多人关注']",南京
房源采光好，南北通透，业主诚意出,165,18691元/㎡,燕江新城山水苑,栖霞,3,88.28㎡,南,2013年建造,"['南', '满二年']",南京
尧化门精装三室四室，来电立减20万，高科大品牌，专车接,335,31019元/㎡,高科·紫尧星院,栖霞,3,108㎡,南,,['车位充足'],南京
苜蓿园大街月牙湖 梅花山庄丽景苑 全明三室二厅低楼层 精装修,430,41271元/㎡,梅花山庄,秦淮,3,104.19㎡,南北,2000年建造,"['南北', '满五年', '近地铁', '绿化率高']",南京
银城东苑中心位置 中高楼层 紫金山住宅 理工不占用 低价急售,598,45304元/㎡,银城东苑,玄武,3,132㎡,南北,2006年建造,"['南北', '配套成熟', '满五', '房东急售']",南京
珑湾花园(二期) 朝南 电梯房 满五 精装修 看房方便 有钥,305,34394元/㎡,珑湾花园(二期),江宁,3,88.68㎡,南,2013年建造,"['南', '满五年', '近地铁']",南京
文鼎广场 地铁交院站 中粮悦天地 4.8米挑高现房,55,11000元/㎡,中粮悦天地公寓,江宁,2,50㎡,南北,2019年建造,"['南北', '有电梯', '近地铁', '次新房']",南京
江北核心区 三线地铁 育英二外 特惠9万 央企精装 万科物业,336,34640元/㎡,中铁建·万科花语熙岸,浦口,3,97㎡,南,,"['厨卫全明', '车位充足']",南京
雨花区禹洲吉庆里3室2厅1卫1厨1阳台,430,48693元/㎡,禹洲吉庆里,雨花台,3,88.31㎡,南北,2018年建造,"['南北', '次新房']",南京
金域蓝湾 高性价比 还有一套27楼急售 90平才报350W~,347,38629元/㎡,万科金域蓝湾,江宁,3,89.83㎡,南北,2014年建造,"['南北', '满二年', '近地铁']",南京
清盘特惠！江宁大学城旁！低密度花园洋房！地铁四站南京南站！,107.7,12466元/㎡,红豆香江华庭,江宁,3,86.4㎡,南北,2019年建造,"['南北', '满二年', '次新房', '多人关注']",南京
玄武湖畔 中央门小市地铁口 满五 精装3室 地下室有钥匙,260,33402元/㎡,泰和园,鼓楼,3,77.84㎡,南北,2004年建造,"['热门小区', '南北通透', '配套成熟']",南京
南部新城次新房，未住过，业主急售,428,46426元/㎡,保利堂悦,秦淮,3,92.19㎡,南,2018年建造,"['南', '热门小区', '稀缺户型']",南京
锁金村 板仓街 南师大 南北两房 三楼 低总价 诚售 采光好,145,31639元/㎡,南京师范大学紫金校区教工宿舍,玄武,2,45.83㎡,南,1998年建造,"['南', '价格优惠', '房东急售', '随时可看']",南京
房源采光好，南北通透，业主诚意出,134,19588元/㎡,紫杨佳园,秦淮,2,68.41㎡,南北,2017年建造,"['南北', '热门小区', '近地铁', '新上小区']",南京
开春钜惠！三号线地铁口50米，隔江就是鼓楼，免费专车接,264,22957元/㎡,苏宁环球·荣锦瑞府,浦口,3,115㎡,南,,"['大户型', '多轨交', '高绿化率']",南京
金陵小区 婚装两房 刚需 南北双阳台 急售,129,23036元/㎡,金陵新八村,鼓楼,2,56㎡,南北,2000年建造,"['南北', '热门小区', '近地铁', '房东急售']",南京
南北通透 豪华装修 东井村41号 3室2厅 满五 78平米,198,25385元/㎡,东井村41号小区,栖霞,3,78㎡,南,2002年建造,"['南', '满五年', '近地铁']",南京
精装修 2室1厅 82平 天元城 朝南 楼层好 视野无遮挡,234,28320元/㎡,天元城,江宁,2,82.63㎡,南,2007年建造,"['南', '热门小区', '近地铁', '房东急售']",南京
正南 3室2厅 月牙湖花园 精装修,515,45608元/㎡,月牙湖花园,秦淮,3,112.92㎡,南,1998年建造,"['南', '满五年', '近地铁', '绿化率高']",南京
鼓楼金陵小区.中冶锦绣和轩优惠多多,332,40000元/㎡,中冶·锦绣和轩,鼓楼,2,83㎡,南,,[],南京
招商1872依云华府 满二 精装修 78平,243,31154元/㎡,招商1872依云华府,栖霞,2,78㎡,南,2019年建造,"['南', '满二年', '次新房']",南京
新都雅苑 近地铁 公园旁 龙池湖畔 精装3房 随时看房 急售,119,13605元/㎡,城开新都雅苑(一期),六合,3,87.47㎡,南北,2016年建造,"['南北', '满二年', '近地铁', '车位充足']",南京
限时好房 花漾紫郡精装 满二 S8地铁口 楼层采光佳 浦外,165,21228元/㎡,新城花漾紫郡,浦口,2,77.73㎡,南北,2018年建造,"['南北', '近地铁', '配套成熟', '价格优惠']",南京
江北核中核 地铁口 480万方地下城旁 优惠楼盘,418,39810元/㎡,保利扬子萃云台,浦口,3,105㎡,南,,"['大阳台', '双卫生间', '主卧朝南', '车位充足']",南京
亏本特卖一周 奥体 价格还可谈 南外书保 拎包住,428,49971元/㎡,升龙天汇珑悦,建邺,2,85.65㎡,南北,2018年建造,"['南北', '热门小区', '价格优惠', '房东急售']",南京
拼速度 海峡城 满五年 无贷款 不占 快点抢吧 错过没了,332,43168元/㎡,海峡城云珑湾,建邺,2,76.91㎡,南北,2015年建造,"['南北', '热门小区', '价格优惠', '房东急售']",南京
迈皋桥晓庄燕子矶地铁1号线海赋尚城二期满二改善型三房两卫南师,302,30404元/㎡,海赋尚城二期,栖霞,3,99.33㎡,南北,2019年建造,"['南北', '有电梯', '次新房']",南京
近 户型好小区人车分流小区素质高,338,29691元/㎡,万科金色领域,栖霞,3,113.84㎡,南,2017年建造,"['南', '满二年', '近地铁']",南京
铁建大悦城联合打造，双地铁环绕，紧靠核心区域,320,30477元/㎡,天悦风华,浦口,3,105㎡,南,,['车位充足'],南京
南北通透 93平 电梯房 满二 住房 采光好 周边商圈成熟,209,22280元/㎡,中海万锦熙岸,浦口,3,93.81㎡,南北,2019年建造,"['南北', '满二年', '近地铁', '次新房']",南京
房源采光好，南北通透，业主诚意出,370,29605元/㎡,中铁青秀城,栖霞,3,124.98㎡,南,2016年建造,"['南', '满二年']",南京
3室2厅 满五 精装修 南北通透 看房方便 有钥匙,160,20326元/㎡,朗诗未来街区(东区),浦口,3,78.72㎡,南北,2017年建造,"['南北', '满五年', '近地铁']",南京
新上捡漏 业主换房急售 南北通透 价格空间大 带车位,65,7927元/㎡,仙林悦城,南京周边,3,82㎡,南北,2019年建造,"['南北', '热门小区', '价格优惠', '房东急售']",南京
南北通透 3室2厅 燕舞园,185,20787元/㎡,燕舞园,栖霞,3,89㎡,南北,2013年建造,"['南北', '热门小区', '近地铁', '配套成熟']",南京
燕归苑房源采光好，南北通透，业主诚意出,168,18877元/㎡,燕江新城燕归苑,栖霞,3,89㎡,南北,2017年建造,"['南北', '唯一住房']",南京
房源采光好，南北通透，业主诚意出,186,28874元/㎡,锁金村3号小区,玄武,3,64.42㎡,南,1990年建造,"['南', '满二年', '近地铁']",南京
武定门现房 底跃带院子 秦淮河畔 来电有优惠,396,30000元/㎡,中冶锦绣珑湾,建邺,4,132㎡,南北,,"['大户型', '轨交房', '低容积']",南京
玖珑湖诚信大道，万科金域蓝湾 南北通透大两房，无遮挡采光好,311,35110元/㎡,万科金域蓝湾,江宁,2,88.58㎡,南北,2012年建造,"['南北', '满二年', '近地铁']",南京
中粮悦天地公寓41.00平52万原7折,52,12683元/㎡,中粮悦天地公寓,江宁,2,41㎡,南北,2020年建造,"['南北', '满二年', '近地铁', '次新房']",南京
保利西江月 中海左岸澜庭 江北核心区 青奥板块 砂之船 精装,265,31078元/㎡,保利西江月,浦口,3,85.27㎡,南,2018年建造,"['南', '价格优惠', '房东急售', '随时可看']",南京
燕核新城 央企精工 双线地铁 环绕 自带会所城市公园,320,32324元/㎡,保利·燕璟和颂,栖霞,3,99㎡,南,,['车位充足'],南京
中海御山府 满二毛坯 电梯房 看房方便 有钥匙,429,31146元/㎡,中海御山府(二期),江宁,3,137.74㎡,南,2015年建造,"['南', '满二年', '车位充足']",南京
大明路 秦虹小区 靠近地铁口居家装修 价格可谈,275,32353元/㎡,康馨花园(秦淮),秦淮,3,85㎡,南北,2000年建造,"['热门小区', '南北通透', '配套成熟']",南京
天地新城 天玑座 二室二厅,192,22047元/㎡,天地新城天玑座,江宁,2,87.09㎡,南北,2005年建造,"['南北', '满五年', '车位充足']",南京
江北核心区 万科花语熙岸 抄底好房 找我团购优惠,336,34640元/㎡,中铁建·万科花语熙岸,浦口,3,97㎡,南,,"['南北通透', '厨卫全明', '动静分离', '车位充足']",南京
正南 2室1厅 豪华装修,219,31461元/㎡,北门桥路高层住宅小区,玄武,2,69.61㎡,南,1999年建造,"['南', '满五年', '近地铁']",南京
急售 燕子矶万寿双地铁口 青秀城 次新房 招商花园城旁 急售,298,33853元/㎡,中铁青秀城,栖霞,3,88.03㎡,南,2016年建造,"['南', '热门小区', '稀缺户型', '随时可看']",南京
迈皋桥晓庄一号线地铁口 城市绿洲 三房 招商花园城,268,25524元/㎡,城市绿洲花园(一期),栖霞,3,105㎡,南北,2006年建造,"['热门小区', '南北通透', '配套成熟']",南京
南北通透 满二 89平 精装修 威尼斯水城第十九街区 楼层好,155,17401元/㎡,威尼斯水城第十九街区,浦口,2,89.08㎡,南北,2019年建造,"['南北', '满二年', '次新房']",南京
央企保利燕核CBD门户标杆产品，双地铁，私享会所，公园大盘,287,32248元/㎡,保利·燕璟和颂,栖霞,3,89㎡,南,,['车位充足'],南京
房源采光好，南北通透，业主诚意出,165,23582元/㎡,万寿花苑,栖霞,2,69.97㎡,南,2003年建造,"['南', '热门小区', '南北通透', '配套成熟']",南京
百子亭后 科利华 低楼层 双南一北全明户型 带大花园 有物业,448,65815元/㎡,百子亭后小区,玄武,3,68.07㎡,南,2000年建造,"['南', '满五年', '近地铁']",南京
融侨悦城 品质次新小区 低于市场价 好楼层 找我司费用低噢~,208,23337元/㎡,融侨悦城,江宁,3,89.13㎡,南北,2019年建造,"['南北', '满二年', '次新房']",南京
急售 燕子矶67号线地铁口 招商花园城旁 海赋尚城 南师,335,34184元/㎡,海赋尚城二期,栖霞,3,98㎡,南北,2000年建造,"['热门小区', '南北通透', '配套成熟']",南京
中楼层 采光好 着急诚心卖 地下储藏室 07年房子 急售,275,36156元/㎡,旭光里小区,秦淮,2,76.06㎡,南北,2007年建造,"['南北', '满五年', '近地铁']",南京
满二 住房 南北通透 95平 2室2厅 楼层好 视野无遮挡,268,27955元/㎡,天元城,江宁,2,95.87㎡,南北,2007年建造,"['南北', '热门小区', '近地铁', '房东急售']",南京
大光路瑞金路 大3房飞机户型3阳台低市场价70W双地铁急卖,375,31178元/㎡,御道园,秦淮,3,120.28㎡,南北,2002年建造,"['热门小区', '南北通透', '配套成熟']",南京
高档小区，新出楼盘，品质好房，值得购买，有折扣优惠，先到先得,264,22957元/㎡,苏宁环球·荣锦瑞府,浦口,3,115㎡,南,,"['大户型', '多轨交', '高绿化率']",南京
尚书云邸 朝南 电梯房 采光好 周边商圈成熟 看房方便,278,32326元/㎡,尚书云邸,江宁,2,86㎡,南,2017年建造,"['南', '满二年']",南京
中央门小市 和燕园 精装修双南2房 满五年看房随时 地铁口,168,26667元/㎡,和燕园,鼓楼,2,63㎡,南,1996年建造,"['南', '近地铁', '多人关注']",南京
楼层 满二 精装修带墙暖 朝南 房间外拓,318,32606元/㎡,金地湖城艺境,栖霞,3,97.53㎡,南,2016年建造,"['南', '热门小区', '近地铁', '配套成熟']",南京
新上 地铁口 保利刚改三房 位置 中间楼层 业主急售,322,33542元/㎡,保利国际社区(一期),栖霞,3,96㎡,南,2020年建造,"['南', '满二年', '次新房']",南京
鼓楼金陵小区.中冶锦绣和轩优惠多多,332,40000元/㎡,中冶·锦绣和轩,鼓楼,2,83㎡,南,,[],南京
割肉价 必卖 东边户 ！润江城106平大三房 精装 视野无遮,426,40163元/㎡,正荣润江城,浦口,3,106.07㎡,南北,2017年建造,"['南北', '满二年', '近地铁', '车位充足']",南京
三山街地铁口 来凤小区 铜坊苑 南北两房 万象天地 价格可谈,149,28654元/㎡,玉带园小区,秦淮,2,52㎡,南,1992年建造,"['南', '热门小区', '南北通透', '房东急售']",南京
万科金域蓝湾 高楼层 采光无遮挡 业主急售,350,39203元/㎡,万科金域蓝湾,江宁,3,89.28㎡,南北,2015年建造,"['南北', '满五年', '近地铁']",南京
新街口核心 地铁口 顶奢商圈 特惠19万 七恒科技 豪宅公寓,318,53000元/㎡,香港置地·金陵中環,秦淮,1,60㎡,南北,,['多轨交'],南京
南北通透 3室2厅 融信世纪东方 精装修,318,32122元/㎡,融筑儒林花园,栖霞,3,99㎡,南北,2017年建造,"['南北', '满二年', '近地铁', '车位充足']",南京
南北通透 86平 莱蒙水榭阳光 精装修 居家自住 保养好,245,28243元/㎡,莱蒙水榭阳光,雨花台,3,86.75㎡,南北,2016年建造,"['南北', '热门小区', '配套成熟', '价格优惠']",南京
精 园88平3房高楼层居家装修业主诚心卖房可谈,318,35933元/㎡,精金花园,建邺,3,88.5㎡,南北,2018年建造,"['南北', '满二年', '近地铁', '次新房']",南京
燕子矶1号地铁口 急降40万 南师附小附中 捡漏房,460,36800元/㎡,融创玉兰公馆二期,栖霞,4,125㎡,南北,2018年建造,"['南北', '有电梯', '次新房']",南京
江北核中核 地铁口 480万方地下城旁 优惠楼盘,418,39810元/㎡,保利扬子萃云台,浦口,3,105㎡,南,,"['大阳台', '双卫生间', '主卧朝南', '车位充足']",南京
急售！业主新房已买 价格可刀 看房随时,345,30834元/㎡,翠屏诚园(北区),江宁,4,111.89㎡,东南,2012年建造,"['东南', '热门小区', '近地铁', '房东急售']",南京
房源采光好，南北通透，业主诚意出,210,31732元/㎡,锁金六村,玄武,3,66.18㎡,南,1992年建造,"['南', '满二年', '近地铁']",南京
南北通透 2室1厅 燕升园2园 精装修,160,20513元/㎡,燕升园3园,栖霞,2,78㎡,南北,2010年建造,"['南北', '近地铁']",南京
房源采光好，南北通透，业主诚意出,345,51516元/㎡,王府园小区,秦淮,2,66.97㎡,南,1988年建造,"['南', '房东急售']",南京
仙鹤门地铁站精装修三房 南师附小科利华 业主诚售随时看房,326,36712元/㎡,奥克斯钟山府,栖霞,3,88.8㎡,南北,2016年建造,"['南北', '满二年', '近地铁', '车位充足']",南京
栖霞金中金小 仙林湖 仙林大学城 省中 仙林金鹰,780,44016元/㎡,高科荣境2期,栖霞,5,177.21㎡,南,2015年建造,"['南', '热门小区', '近地铁', '配套成熟']",南京
中央路 地铁口 科利华 双南全明户型 装修好 带阁楼采光好,350,60387元/㎡,中央路262号住宅小区,玄武,2,57.96㎡,南,1998年建造,"['南', '满五年', '近地铁']",南京
雨花软件谷精装小户型三房 地铁口600米 通达全城,363,40787元/㎡,保利合肥城建·凤起云台,雨花台,3,89㎡,南,,"['大阳台', '户型方正', '轨交房', '车位充足']",南京
百家湖景枫金鹰 安静小区逸翠居精装三房 中间层 采光无遮挡,325,27543元/㎡,逸翠居,江宁,3,118㎡,南北,2013年建造,"['南北', '热门小区', '配套成熟', '价格优惠']",南京
锁金村地铁口南林校园内房源采光好，南北通透，业主诚意出,270,36805元/㎡,南林二村,玄武,3,73.36㎡,南,1989年建造,"['南', '满五年', '近地铁']",南京
降价40万 南部新城 多层洋房 豪华装修 6号线地铁 户型好,189,30994元/㎡,龙苑新寓一村,秦淮,2,60.98㎡,南北,1998年建造,"['南北通透', '满五', '房东急售']",南京
近南站 左邻右里 精装通透两房 诚心出售,269,29810元/㎡,左邻右里,江宁,2,90.24㎡,南北,2008年建造,"['近地铁', '南北通透', '价格优惠']",南京
铁建大悦城联合打造，双地铁环绕，紧靠核心区域,320,30477元/㎡,天悦风华,浦口,3,105㎡,南,,['车位充足'],南京
电梯房 86平 南北通透 满二 紫御东方(一期) 采光好 周,285,32895元/㎡,紫御东方(一期),栖霞,3,86.64㎡,南北,2018年建造,"['南北', '满二年', '车位充足']",南京
南北通透 3室2厅 乐居雅花园(二期) 精装修,279,21298元/㎡,乐居雅花园(二期),栖霞,3,131㎡,南北,2000年建造,"['南北', '有电梯', '车位充足']",南京
精装修，家里采光好，南北通透，业主诚意出,220,32263元/㎡,锁金四村,玄武,3,68.19㎡,南,1985年建造,"['南', '满五年', '近地铁']",南京
金陵星图 精装三房 配套成熟 找我看房有折扣 看房接 青奥,334,29558元/㎡,金陵星图,浦口,3,113㎡,南,,"['南北通透', '大阳台', '双卫生间']",南京
裴家桥 玄武湖旁 一楼带院子 已经开门 总价低 业主急售,205,43618元/㎡,裴家桥小区,鼓楼,2,47㎡,南北,1992年建造,"['南北', '满五年', '近地铁', '多人关注']",南京
银城东苑中心位置 中高楼层 紫金山住宅 理工不占用 低价急售,598,45304元/㎡,银城东苑,玄武,3,132㎡,南北,2006年建造,"['南北', '配套成熟', '满五', '房东急售']",南京
一线江景 精装修地铁口 97平 南北通透 房东急卖,215,22165元/㎡,明发滨江新城(三期),浦口,2,97㎡,南北,2011年建造,"['南北', '满五年', '近地铁']",南京
亏亏 游小 金中 肯德基 创维乐活城89平67万3室2厅1卫,67,7529元/㎡,创维乐活城,溧水,3,89㎡,南北,2020年建造,"['南北', '热门小区', '价格优惠', '随时可看']",南京
金浦御龙湾 第二十九中旁,385,31558元/㎡,金浦御龙湾,栖霞,3,122㎡,南,,"['南北通透', '厨卫全明', '主卧套房', '轨交房']",南京
捡漏 金地中心风华 自住大三房 看房方便 采光无遮挡 急售,599,49505元/㎡,金地中心风华,建邺,3,121㎡,南北,2019年建造,"['南北', '满二年', '近地铁', '车位充足']",南京
地铁口 精装修3室2厅 满五 住房 天润城12街区 随时看,148,18124元/㎡,天润城第十二街区,浦口,3,81.66㎡,南北,2012年建造,"['南北', '满五年', '近地铁']",南京
53万 简单装修 2室1厅 65平 满五 看房方便 有钥匙,62.5,9616元/㎡,江畔人家丽江苑,栖霞,2,65㎡,南北,2012年建造,"['南北', '满五年']",南京
玄武湖畔 中央门小市地铁口 满五 精装3室 地下室有钥匙,260,33402元/㎡,泰和园,鼓楼,3,77.84㎡,南北,2004年建造,"['热门小区', '南北通透', '配套成熟']",南京
新城香悦澜山房源采光好，南北通透，,328,35946元/㎡,新城香悦澜山,栖霞,3,91.25㎡,南,2016年建造,"['南', '满二年', '近地铁']",南京
燕子矶地铁口 保利国际社区 毛坯大四房 通透户型,419,31471元/㎡,保利国际社区(一期),栖霞,4,133.14㎡,南,2020年建造,"['南', '满二年', '次新房']",南京
南北通透 清凉山庄 2室1厅 74平 满五 住房 楼层好,438,58432元/㎡,清凉山庄,鼓楼,2,74.96㎡,南北,1992年建造,"['南北', '满五年', '近地铁']",南京
来电有优惠 江北新区 精装低密度洋房 现房 即住,336,28000元/㎡,金隅紫京叠院(新房),浦口,3,120㎡,南,,"['南北通透', '双卫生间', '低容积']",南京
老山板块 刚需三房 好楼层 价格美丽 配套齐全 急售,185,22003元/㎡,万科璞悦山,浦口,3,84.08㎡,南,2016年建造,"['南', '满二年', '次新房']",南京
刚需三房 豪华装修 南北通透 直通地下车库 看房方便,155,16848元/㎡,南京碧桂园语林苑,滨江开发区,3,92㎡,南北,2016年建造,"['南北', '满二年']",南京
精装修 2室1厅 82平 天元城 朝南 楼层好 视野无遮挡,234,28320元/㎡,天元城,江宁,2,82.63㎡,南,2007年建造,"['南', '热门小区', '近地铁', '房东急售']",南京
视野开阔，采光好，南北通透，业主诚意出,380,38788元/㎡,保利中央公园东苑,江宁,3,97.97㎡,南,2017年建造,"['南', '有电梯', '近地铁']",南京
一线江景 燕矶核心 5套内部高管保留房 团购优惠 详情请私聊,344,36990元/㎡,宝能滨江府(新房),栖霞,3,93㎡,南,,"['南北通透', '厨卫全明', '双阳台', '车位充足']",南京
中南好房急售！112平，精装，3室1卫，好楼层，135万！,135,12084元/㎡,中南锦城,溧水,3,111.72㎡,南北,2018年建造,"['南北', '满二年', '近地铁', '车位充足']",南京
定坊和苑 刚需 毛坯二房朝南 出入方便 随时看房换房急售,152,19000元/㎡,定坊和苑C区,雨花台,2,80㎡,南北,2016年建造,"['南北', '满五年', '多人关注']",南京
新立嘉园 102平 电梯房 精装修 采光好 周边商圈成熟,185,17962元/㎡,新立嘉园,浦口,3,103㎡,南北,2019年建造,"['南北', '有电梯', '次新房']",南京
特价房 龙湖天曜 精装修三房 龙湖天街旁 看房随时 车接车,340,29566元/㎡,龙湖天曜城,浦口,3,115㎡,南,,"['大户型', '轨交房', '车位充足']",南京
业主已买房 340就能卖 满两年 看房有密码,355,38168元/㎡,高科荣境2期,栖霞,3,93.01㎡,南北,2000年建造,"['南北', '满二年', '近地铁']",南京
拼速度 海峡城 满五年 无贷款 不占 快点抢吧 错过没了,332,43168元/㎡,海峡城云珑湾,建邺,2,76.91㎡,南北,2015年建造,"['南北', '热门小区', '价格优惠', '房东急售']",南京
真 迈皋桥燕子矶1号线地铁口 次新房 融创玉兰旁 急售,286,31364元/㎡,保利国际社区(二期),栖霞,3,91.19㎡,南,2020年建造,"['南', '满二年', '次新房']",南京
下马坊公园 东郊美树苑 小区中心位置 采光好 装修保养好,588,45065元/㎡,东郊美树苑,玄武,3,130.48㎡,南,2007年建造,"['南', '满五年', '近地铁']",南京
精研品质 八大价值成就仙林 铸就顶流,375,30000元/㎡,牡丹大观天下,栖霞,4,125㎡,南,,"['南北通透', '厨卫全明', '大阳台', '轨交房']",南京
河西万达板块次新房出售 精装修 中央空调 采光充足 诚心出售,335,37641元/㎡,精金花园,建邺,3,89㎡,南北,2018年建造,"['南北', '满二年', '近地铁', '次新房']",南京
迈皋桥街79号 地铁口200米 捡漏好房 超市 商业街 公园,149,24154元/㎡,迈皋桥街79号小区,栖霞,3,61.69㎡,南北,2017年建造,"['南北', '满五年', '近地铁']",南京
湖景 景观房，业主换房出售，豪装40万免费 ，价格能谈,460,33802元/㎡,金地湖城艺境,栖霞,4,136.09㎡,南北,2016年建造,"['南北', '稀缺户型', '价格优惠', '房东急售']",南京
新上捡漏 业主换房急售 南北通透 价格空间大 带车位,65,7927元/㎡,仙林悦城,南京周边,3,82㎡,南北,2019年建造,"['南北', '热门小区', '价格优惠', '房东急售']",南京
碧桂园顶楼大露台127平 精装修 高层景观好 可随时看房,215,16871元/㎡,南京碧桂园逸谷苑,滨江开发区,3,127.44㎡,南北,2017年建造,"['南北', '满五年']",南京
仙林湖 万达茂商圈 地铁旁 高科荣境精装三房 价格可谈 急售,365,38996元/㎡,高科荣境2期,栖霞,3,93.6㎡,南北,2017年建造,"['南北', '满二年', '近地铁']",南京
正荣润峯四期175平大四房河西南小仁恒 南外 旁 950万,916,52508元/㎡,正荣润峯,建邺,4,174.45㎡,南北,2018年建造,"['南北', '热门小区', '近地铁', '房东急售']",南京
燕子矶新城，未来可期,362,33519元/㎡,颐居华发 颐和四季府,栖霞,3,108㎡,南,,['车位充足'],南京
南北通透 满五 天润城第十街区 换房急售 3号线,141,15843元/㎡,天润城第十街区,浦口,3,89㎡,南北,2010年建造,"['南北', '满五年', '近地铁', '多人关注']",南京
房源采光好，南北通透，业主诚意出,367,37461元/㎡,保利中央公园东苑,江宁,3,97.97㎡,南,2017年建造,"['南', '满二年', '近地铁']",南京
坐下再让20万！跌破开盘价！大拇指急售西北角边户大两房！,279,32292元/㎡,证大大拇指广场,鼓楼,2,86.4㎡,西北,2017年建造,"['西北', '热门小区', '南北通透', '配套成熟']",南京
燕核新城 央企精工 双线地铁 环绕 自带会所城市公园,320,32324元/㎡,保利·燕璟和颂,栖霞,3,99㎡,南,,['车位充足'],南京
新街口鼓楼珠江路地铁丹凤街长江路北门桥电梯房精,218,30278元/㎡,北门桥路高层住宅小区,玄武,2,72㎡,东西,1998年建造,"['东西', '满五年', '近地铁']",南京
燕子矶迈皋桥小高层满两年改善三房次顶楼采光 看房有钥匙,292,33111元/㎡,金浦御龙湾H区,栖霞,3,88.19㎡,南,2018年建造,"['南', '满二年', '次新房']",南京
燕子矶新城 中海燕矶听潮 四室二厅 精装,428,33438元/㎡,中海燕矶听潮C区,栖霞,4,128㎡,南北,2021年建造,"['南北', '车位充足']",南京
江北核心区 三线地铁 育英二外 特惠9万 央企精装 万科物业,336,34640元/㎡,中铁建·万科花语熙岸,浦口,3,97㎡,南,,"['厨卫全明', '车位充足']",南京
南北通透 5室2厅 银城东苑 精装修,658,31905元/㎡,银城东苑,玄武,5,206.24㎡,南北,2005年建造,"['热门小区', '南北通透', '配套成熟']",南京
急售 燕子矶万寿双地铁口 青秀城 次新房 招商花园城旁 急售,298,33853元/㎡,中铁青秀城,栖霞,3,88.03㎡,南,2016年建造,"['南', '热门小区', '稀缺户型', '随时可看']",南京
旭升花苑 非 顶楼 精装两房 急卖 有钥匙 随时看,118,13721元/㎡,旭升花苑,六合,2,86㎡,南北,2006年建造,"['南北', '满五年', '近地铁']",南京
正南 3室2厅 银城东苑 精装修,610,42694元/㎡,银城东苑,玄武,3,142.88㎡,南,2005年建造,"['南', '满二年', '近地铁']",南京
央企保利燕核CBD门户标杆产品，双地铁，私享会所，公园大盘,287,32248元/㎡,保利·燕璟和颂,栖霞,3,89㎡,南,,['车位充足'],南京
紫艺华府 精装修 3室1厅 电梯房 90平 诚心出售 价格可,163,18112元/㎡,紫艺华府,六合,3,90㎡,南,2019年建造,"['南', '满二年', '车位充足']",南京
建邺区铂悦金陵4室2厅2卫1厨1阳台,1100,61927元/㎡,北辰旭辉铂悦金陵,建邺,4,177.63㎡,南北,2016年建造,"['南北', '热门小区', '稀缺户型', '房东急售']",南京
S6 麒麟紫荆城定林苑 精装修二室一厅周边的生活配套齐全,89,13693元/㎡,麒麟紫荆城定林苑,江宁,2,65㎡,南北,2016年建造,"['南北', '价格优惠', '房东急售', '随时可看']",南京
急售 燕子矶67号线地铁口 招商花园城旁 海赋尚城 南师,335,34184元/㎡,海赋尚城二期,栖霞,3,98㎡,南北,2000年建造,"['热门小区', '南北通透', '配套成熟']",南京
花样年家天下 南北通透 户型方正 适宜居住,87.8,9866元/㎡,花样年家天下兰苑,溧水,3,89㎡,南北,2019年建造,"['南北', '满二年', '车位充足']",南京
中央门 小市 三号线 泰和园 双南电梯房 楼层好 看房方便,246,26676元/㎡,泰和园,鼓楼,2,92.22㎡,南,2001年建造,"['南', '满五年', '近地铁']",南京
一号线 兰亭雅苑 小区 银城物业 品质小区,318,35193元/㎡,兰亭雅苑,栖霞,3,90.36㎡,南北,2010年建造,"['南北', '满二年', '近地铁']",南京
高档小区，新出楼盘，品质好房，值得购买，有折扣优惠，先到先得,264,22957元/㎡,苏宁环球·荣锦瑞府,浦口,3,115㎡,南,,"['大户型', '多轨交', '高绿化率']",南京
捡漏捡漏！业主急售 出价就谈！楼层好，阳光不挡！,469,39188元/㎡,银城东苑,玄武,3,119.68㎡,南,2008年建造,"['南', '满五年', '近地铁']",南京
77平 3室2厅 新城花漾紫郡 满二 住房 精装修 采光好,170,21849元/㎡,新城花漾紫郡,浦口,3,77.81㎡,南北,2020年建造,"['南北', '满二年', '近地铁', '次新房']",南京
楼层 满二 精装修带墙暖 朝南 房间外拓,318,32606元/㎡,金地湖城艺境,栖霞,3,97.53㎡,南,2016年建造,"['南', '热门小区', '近地铁', '配套成熟']",南京
中航樾府 企业力荐诚意出售,350,41177元/㎡,中航樾府,江宁,3,85㎡,南北,2014年建造,"['南北', '满二年', '近地铁']",南京
鼓楼金陵小区.中冶锦绣和轩优惠多多,332,40000元/㎡,中冶·锦绣和轩,鼓楼,2,83㎡,南,,[],南京
燕子矶1号 地铁口 边户 双阳台 金浦紫御东方 燕江府满2年,298,33484元/㎡,招商1872依云和府,栖霞,3,89㎡,南,2018年建造,"['南', '满五年', '次新房']",南京
正南 3室1厅 康安里住宅区 精装修,325,35900元/㎡,康安里住宅区,秦淮,3,90.53㎡,南,2000年建造,"['南', '满五年']",南京
喜之郎丽湖湾 朝南 3室2厅 诚心出售 价格可议 环境好,94.5,8575元/㎡,喜之郎丽湖湾,溧水,3,110.21㎡,南,2020年建造,"['南', '热门小区', '稀缺户型', '交易周期可谈']",南京
新街口核心 地铁口 顶奢商圈 特惠19万 七恒科技 豪宅公寓,318,53000元/㎡,香港置地·金陵中環,秦淮,1,60㎡,南北,,['多轨交'],南京
花园小区莱茵东郡三室两厅换房急售看房方便,298,25914元/㎡,莱茵东郡,江宁,3,115㎡,南北,2010年建造,"['南北', '满五年', '近地铁', '绿化率高']",南京
南北通透 86平 莱蒙水榭阳光 精装修 居家自住 保养好,245,28243元/㎡,莱蒙水榭阳光,雨花台,3,86.75㎡,南北,2016年建造,"['南北', '热门小区', '配套成熟', '价格优惠']",南京
低总价 看房方便 有钥匙 2楼采光没问题,289,26531元/㎡,万达紫金明珠,秦淮,3,108.93㎡,南北,2000年建造,"['南北', '满二年']",南京
拒绝虚假 全明户型双南 9中不占 有钥匙随时看房 红庙 低楼,228,44445元/㎡,相府营小区,玄武,2,51.3㎡,南北,1992年建造,"['南北', '近地铁']",南京
江北核中核 地铁口 480万方地下城旁 优惠楼盘,418,39810元/㎡,保利扬子萃云台,浦口,3,105㎡,南,,"['大阳台', '双卫生间', '主卧朝南', '车位充足']",南京
油坊桥莲花北苑 简单装修 满二 朝南 采光好 周边商圈成熟,193,21686元/㎡,莲花新城北苑,建邺,2,89㎡,南,2000年建造,"['南', '房东急售', '交易周期可谈', '随时可看']",南京
新上房源 天润城十二街区 全新精装修两房 采光好 地铁3号线,135,17592元/㎡,天润城第十二街区,浦口,2,76.74㎡,南北,2012年建造,"['南北', '近地铁', '多人关注']",南京
人气挑高loft公寓 地铁1号线交院站旁 现房租3000以上,52,11556元/㎡,中粮悦天地公寓,江宁,2,45㎡,南,2020年建造,"['南', '满二年', '近地铁', '次新房']",南京
房源采光好，南北通透，业主诚意出,345,51516元/㎡,王府园小区,秦淮,2,66.97㎡,南,1988年建造,"['南', '房东急售']",南京
满二 3室2厅 98平 荣盛花语城(二期) 精装修 诚心出售,125,12756元/㎡,荣盛花语城(二期),六合,3,98㎡,南,2019年建造,"['南', '满二年', '车位充足']",南京
燕子矶招商，电梯边户三房，景观花园，诚心卖，品质小区环境好,309,34806元/㎡,招商1872依云华府,栖霞,3,88.78㎡,南,2017年建造,"['南', '满二年']",南京
宋都南郡（不靠高速）业主急售！百米吾悦广场！速来电咨询！,206,23557元/㎡,宋都南郡(北区),雨花台,3,87.45㎡,南北,2019年建造,"['南北', '热门小区', '配套成熟', '价格优惠']",南京
雨花软件谷精装小户型三房 地铁口600米 通达全城,363,40787元/㎡,保利合肥城建·凤起云台,雨花台,3,89㎡,南,,"['大阳台', '户型方正', '轨交房', '车位充足']",南京
房源采光好，南北通透，业主诚意出,305,35598元/㎡,保利罗兰香谷,栖霞,3,85.68㎡,南,2015年建造,"['南', '满二年', '近地铁']",南京
14街区 正规三房 装修不好 所以便宜 地铁口 降价急售,140,15547元/㎡,天润城第十四街区,浦口,3,90.05㎡,南北,2014年建造,"['南北', '满五年', '近地铁']",南京
降价40万 南部新城 多层洋房 豪华装修 6号线地铁 户型好,189,30994元/㎡,龙苑新寓一村,秦淮,2,60.98㎡,南北,1998年建造,"['南北通透', '满五', '房东急售']",南京
马群花港幸福城 玉兰园 二室一厅 边户 产权房可过户可贷款,120,17648元/㎡,花港幸福城玉兰园,栖霞,2,68㎡,南北,2014年建造,"['南北', '满五年']",南京
铁建大悦城联合打造，双地铁环绕，紧靠核心区域,320,30477元/㎡,天悦风华,浦口,3,105㎡,南,,['车位充足'],南京
紫艺华府 中上楼层 95平米 诚售 看中可谈,143.5,15106元/㎡,紫艺华府,六合,3,95㎡,南北,2017年建造,"['南北', '满二年', '车位充足']",南京
金地自在城 速电 捡漏60万 速电(就这一套）百米吾悦广场,158,16289元/㎡,金地自在城(六期),雨花台,3,97㎡,南北,2015年建造,"['南北', '热门小区', '配套成熟', '价格优惠']",南京
紫金华府 五矿旁 电梯花园洋房 挨着紫金山 北京东路科利华,480,44949元/㎡,紫金华府(一期),玄武,3,106.79㎡,南北,2017年建造,"['南北', '满二年', '近地铁', '车位充足']",南京
金陵星图 精装三房 配套成熟 找我看房有折扣 看房接 青奥,334,29558元/㎡,金陵星图,浦口,3,113㎡,南,,"['南北通透', '大阳台', '双卫生间']",南京
小刚需 必看 两南一北飞机户型 无浪费面积 采光无影响,311,34819元/㎡,融筑儒林花园,栖霞,3,89.32㎡,南北,2020年建造,"['南北', '近地铁', '车位充足']",南京
银城东苑中心位置 中高楼层 紫金山住宅 理工不占用 低价急售,598,45304元/㎡,银城东苑,玄武,3,132㎡,南北,2006年建造,"['南北', '配套成熟', '满五', '房东急售']",南京
85平 科海龙湖御景 精装修 南北通透 电梯房 3室2厅,96,11268元/㎡,科海龙湖御景,六合,3,85.2㎡,南北,2010年建造,"['南北', '满二年', '近地铁']",南京
万科城月桂苑93.58平119万3室2厅1卫,119.8,12802元/㎡,万科城月桂苑,溧水,3,93.58㎡,南北,2018年建造,"['南北', '满二年', '近地铁', '车位充足']",南京
金浦御龙湾 第二十九中旁,385,31558元/㎡,金浦御龙湾,栖霞,3,122㎡,南,,"['南北通透', '厨卫全明', '主卧套房', '轨交房']",南京
恒大金碧天下前排景观三房拎包急售,77,6638元/㎡,恒大金碧天下,溧水,3,116㎡,南,2013年建造,"['南', '南北通透', '价格优惠', '随时可看']",南京
将军大道 翠屏东南一楼好房 业主诚售 价格可谈 近南航靠南站,275,26809元/㎡,翠屏东南,江宁,2,102.58㎡,南北,2005年建造,"['南北', '近地铁']",南京
满五 住房 电梯房 3室2厅 南北通透 诚心出售 价格可议,175,16431元/㎡,威尼斯水城第十三街区,浦口,3,106.51㎡,南北,2015年建造,"['南北', '满五年', '近地铁', '车位充足']",南京
玄武湖畔 中央门小市地铁口 满五 精装3室 地下室有钥匙,260,33402元/㎡,泰和园,鼓楼,3,77.84㎡,南北,2004年建造,"['热门小区', '南北通透', '配套成熟']",南京
东水关公园采光佳满五精装看房随时,475,41667元/㎡,东城水岸,秦淮,3,114㎡,南北,2004年建造,"['南北', '热门小区', '稀缺户型', '房东急售']",南京
九龙湖房主狂甩高品质好房90.8平348万万科金域蓝湾精装修,348,38680元/㎡,万科金域蓝湾,江宁,3,89.97㎡,南,2019年建造,"['南', '满二年', '近地铁', '次新房']",南京
湖滨公寓四房 百家湖 地铁口 南北通透中楼层 总价低,278,21719元/㎡,湖滨公寓(西区),江宁,4,128㎡,南北,2000年建造,"['南北', '近地铁', '配套成熟', '价格优惠']",南京
来电有优惠 江北新区 精装低密度洋房 现房 即住,336,28000元/㎡,金隅紫京叠院(新房),浦口,3,120㎡,南,,"['南北通透', '双卫生间', '低容积']",南京
北小科利华低总价南北通透3室2厅电梯房满二89平价格可谈,103,11453元/㎡,荣盛花语城(四期),六合,3,89.94㎡,南北,2019年建造,"['南北', '满二年', '车位充足']",南京
血亏 游小 金中 创维文汇苑83.19平68万3室2厅1卫,68,8175元/㎡,创维文汇苑,溧水,3,83.19㎡,南,2019年建造,"['南', '有电梯', '车位充足']",南京
精装修 2室1厅 82平 天元城 朝南 楼层好 视野无遮挡,234,28320元/㎡,天元城,江宁,2,82.63㎡,南,2007年建造,"['南', '热门小区', '近地铁', '房东急售']",南京
新街口莫愁路朝天宫 黄鹂新村 一楼 两房 精装 带院 采光佳,196.8,41336元/㎡,黄鹂新村,秦淮,2,47.61㎡,南北,1990年建造,"['热门小区', '南北通透', '配套成熟']",南京
一线江景 燕矶核心 5套内部高管保留房 团购优惠 详情请私聊,344,36990元/㎡,宝能滨江府(新房),栖霞,3,93㎡,南,,"['南北通透', '厨卫全明', '双阳台', '车位充足']",南京
燕子矶 加车位 满二 住房 电梯房 电建洺悦府(二期),365,28077元/㎡,电建洺悦府(二期),栖霞,4,130㎡,南,2020年建造,"['南', '满二年', '次新房']",南京
龙池翠洲 中层 精装三房 金陵中 出门龙池湖 换房急售,105,11117元/㎡,龙池翠洲,六合,3,94.45㎡,南北,2014年建造,"['南北', '满五年', '近地铁', '绿化率高']",南京
旭日上城三期 3室2厅 280万元 精装,280,25287元/㎡,弘阳旭日上城三区,浦口,3,110.73㎡,南,2015年建造,"['南', '满五年', '近地铁', '绿化率高']",南京
特价房 龙湖天曜 精装修三房 龙湖天街旁 看房随时 车接车,340,29566元/㎡,龙湖天曜城,浦口,3,115㎡,南,,"['大户型', '轨交房', '车位充足']",南京
房源采光好，南北通透，业主诚意出,310,34946元/㎡,中铁青秀城,栖霞,3,88.71㎡,南,2016年建造,"['南', '满二年']",南京
拼速度 海峡城 满五年 无贷款 不占 快点抢吧 错过没了,332,43168元/㎡,海峡城云珑湾,建邺,2,76.91㎡,南北,2015年建造,"['南北', '热门小区', '价格优惠', '房东急售']",南京
7号线 省医院 南湖公园 一楼带院子 采光好,178,34185元/㎡,安民村,建邺,2,52.07㎡,南北,2018年建造,"['南北', '满五年', '近地铁', '次新房']",南京
急售！林山雅苑 电梯房 满二 101平 房东急置换 诚意买房,89,8812元/㎡,林山雅苑,浦口,3,101㎡,南北,2014年建造,"['南北', '热门小区', '配套成熟']",南京
精研品质 八大价值成就仙林 铸就顶流,375,30000元/㎡,牡丹大观天下,栖霞,4,125㎡,南,,"['南北通透', '厨卫全明', '大阳台', '轨交房']",南京
新出银城东苑揽翠苑 3室2厅 精装修 居家自住 保养好,605,45841元/㎡,银城东苑,玄武,3,131.98㎡,南北,2005年建造,"['南北', '满五年', '近地铁']",南京
满二 3室2厅 精装修 南北通透 房东急置换 诚意买房,140,15054元/㎡,横岭新寓,江宁,3,93㎡,南北,2008年建造,"['南北', '满二年']",南京
茉莉苑四室两厅，全屋精装修，南北通透采光好，环境好,172,12464元/㎡,荣盛茉莉苑,六合,4,138㎡,南北,2011年建造,"['南北', '满二年', '绿化率高']",南京
新上捡漏 业主换房急售 南北通透 价格空间大 带车位,65,7927元/㎡,仙林悦城,南京周边,3,82㎡,南北,2019年建造,"['南北', '热门小区', '价格优惠', '房东急售']",南京
真 格 富力尚悦居精装大三房靠金陵华兴中 价格可谈,228,22737元/㎡,富力尚悦居(一期),雨花台,3,100.28㎡,南北,2017年建造,"['南北', '满五年']",南京
72平 简单装修 电梯房 朝南 2室1厅 采光超好，急售,125,17362元/㎡,燕江新城燕雅苑,栖霞,2,72㎡,南,2017年建造,"['南', '热门小区', '近地铁', '南北通透']",南京
紫峰公馆 3室2厅 电梯房 南北通透 精装修 楼层好,340,29566元/㎡,紫峰公馆,江宁,3,115㎡,南北,2014年建造,"['南北', '热门小区', '配套成熟', '满五']",南京
燕子矶新城，未来可期,362,33519元/㎡,颐居华发 颐和四季府,栖霞,3,108㎡,南,,['车位充足'],南京
房源采光好，南北通透，业主诚意出,110,12346元/㎡,弘阳禹洲时光印象,滨江开发区,3,89.1㎡,南,2017年建造,"['南', '热门小区', '近地铁', '房东急售']",南京
86平 满五 住房 简单装修 南北通透 楼层好 视野无遮挡,147,17094元/㎡,南湾营馨康苑,栖霞,3,86㎡,南北,2008年建造,"['南北', '满五年']",南京
廖家巷 科利华 2室一厅 低楼层 南北通透 拎包入住 急售,279,57056元/㎡,廖家巷社区,玄武,2,48.9㎡,南,1988年建造,"['南', '满五年', '近地铁']",南京
城北燕子矶新城核心 华发四季雅筑 热销盘 自带20万方商业,300,30304元/㎡,华发·四季雅筑,栖霞,3,99㎡,南,,"['双卫生间', '双阳台', '购物中心', '高绿化率']",南京
正南 2室1厅 苜卫路35号小区 精装修,210,33318元/㎡,苜卫路35号小区,秦淮,2,63.03㎡,南,2000年建造,"['南', '热门小区', '南北通透', '配套成熟']",南京
青秀城小区环境好，物业负责，采光充足，交通便利,278,31591元/㎡,中铁青秀城,栖霞,2,88㎡,南,2016年建造,"['南', '满二年']",南京
燕子矶核心地段 三开间朝南 价格可谈 看房方便,320,34708元/㎡,弘阳燕江府,栖霞,3,92.2㎡,南,2018年建造,"['南', '满二年', '次新房']",南京
城北燕子矶新城核心 华发四季雅筑 热销盘 自带20万方商业,300,25000元/㎡,华发·四季雅筑,栖霞,3,120㎡,南,,"['双卫生间', '双阳台', '大户型', '购物中心']",南京
秦虹小区 中和桥 御水湾大两房 朝南带阳台 价格可谈 有钥匙,362,40466元/㎡,御水湾(东区),秦淮,2,89.46㎡,南,2004年建造,"['南', '满二年']",南京
急售 燕子矶万寿双地铁口 青秀城 次新房 招商花园城旁 急售,298,33853元/㎡,中铁青秀城,栖霞,3,88.03㎡,南,2016年建造,"['南', '热门小区', '稀缺户型', '随时可看']",南京
顶山大新嘉苑135.00万元大新嘉苑好房不要错过,135,15341元/㎡,大新嘉苑,浦口,2,88㎡,南北,2020年建造,"['南北通透', '配套成熟', '稀缺户型']",南京
满二 精装修 3室2厅 99平 房东急置换 诚意买房,301,30405元/㎡,融筑儒林花园,栖霞,3,99㎡,南,2019年建造,"['南', '满二年', '近地铁']",南京
五一购房节，特价 南京万达茂 仙林湖 4号地铁口 欢迎咨询,355,35859元/㎡,电建建发·兰亭和颂,栖霞,3,99㎡,南,,"['南北通透', '三房朝南', '大阳台', '轨交房']",南京
新上万达茂湖景房！全新装修未入住 省中医旁 金中金小随时看,295,30413元/㎡,万达茂御湖仕家三期,栖霞,3,97㎡,南北,2018年建造,"['南北', '满二年', '近地铁', '次新房']",南京
融筑儒林花园 朝南 满二 电梯房 精装修 3室2厅 房东急置,301,30405元/㎡,融筑儒林花园,栖霞,3,99㎡,南,2018年建造,"['南', '满二年', '近地铁']",南京
科利华 南师附小 精装品质小区绿化高 安保严密 地铁口,470,50495元/㎡,中海玄武公馆C区,玄武,3,93.08㎡,南,2018年建造,"['南', '满二年', '次新房']",南京
急售 燕子矶67号线地铁口 招商花园城旁 海赋尚城 南师,335,34184元/㎡,海赋尚城二期,栖霞,3,98㎡,南北,2000年建造,"['热门小区', '南北通透', '配套成熟']",南京
新出！威尼斯十九街区 飞机户全南户型 全天采光 房主诚心出售,135,15169元/㎡,威尼斯水城第十九街区,浦口,2,89㎡,南北,2020年建造,"['南北', '满二年', '次新房']",南京
满五 南北通透 2室1厅 马府新村 精装修,195,36490元/㎡,马府新村,秦淮,2,53.44㎡,南北,1991年建造,"['热门小区', '南北通透', '配套成熟']",南京
新出好房 业主诚心急售已买到好房 品牌家具家电 拎包直住,320,30477元/㎡,万达茂御湖仕家三期,栖霞,3,105㎡,南北,2017年建造,"['南北', '满二年', '近地铁']",南京
燕核新城 央企精工 双线地铁 环绕 自带会所城市公园,320,32324元/㎡,保利·燕璟和颂,栖霞,3,99㎡,南,,['车位充足'],南京
建邺区宏图上水云锦二期3室2厅1卫1厨1阳台,800,71917元/㎡,宏图上水云锦二期,建邺,3,111.24㎡,南北,2016年建造,"['南北', '热门小区', '近地铁', '新上小区']",南京
高新花苑单价一万五，地铁500多米 南北通透精装2居室,136,15478元/㎡,高新花苑,浦口,2,87.87㎡,南北,2008年建造,"['南北', '满五年', '近地铁']",南京
楼层 满二 精装修带墙暖 朝南 房间外拓,318,32606元/㎡,金地湖城艺境,栖霞,3,97.53㎡,南,2016年建造,"['南', '热门小区', '近地铁', '配套成熟']",南京
！房东急售！,89,9976元/㎡,万科未来城,溧水,3,89.22㎡,南,2022年建造,"['南', '有电梯', '近地铁', '车位充足']",南京
特价房 龙湖天曜 精装修三房 龙湖天街旁 看房随时 车接车,340,29566元/㎡,龙湖天曜城,浦口,3,115㎡,南,,"['大户型', '轨交房', '车位充足']",南京
急售 燕子矶6号7号线地铁口招商花园城 随时看 保利旁万象,335,38954元/㎡,招商1872依云华府,栖霞,3,86㎡,南,2019年建造,"['南', '有电梯', '次新房']",南京
万科翡翠公园 全屋定制 满5 空置 保养好中间楼层,396,43632元/㎡,万科翡翠公园,江宁,3,90.76㎡,南北,2017年建造,"['南北', '满五年', '近地铁']",南京
主打真实 洺悦府二期 小高层三房 诚心出售 拎包入住,285,27143元/㎡,电建洺悦府(二期),栖霞,3,105㎡,南,2020年建造,"['南', '满二年', '次新房']",南京
央企保利燕核CBD门户标杆产品，双地铁，私享会所，公园大盘,287,32248元/㎡,保利·燕璟和颂,栖霞,3,89㎡,南,,['车位充足'],南京
正南 2室1厅 企业力荐好房诚意出售,142,21516元/㎡,凤来北园,栖霞,2,66㎡,南,2019年建造,"['南', '热门小区', '近地铁', '新上小区']",南京
南北通透 86平 莱蒙水榭阳光 精装修 居家自住 保养好,245,28243元/㎡,莱蒙水榭阳光,雨花台,3,86.75㎡,南北,2016年建造,"['南北', '热门小区', '配套成熟', '价格优惠']",南京
捡漏 捡漏 万科 99平 3房两卫单价9000,88,8889元/㎡,万科未来城,溧水,3,99㎡,南,2020年建造,"['南', '满二年', '近地铁', '车位充足']",南京
急售 雨核中心 S3贾西 次新三房客厅带阳台 看房方便,340,37892元/㎡,龙湖天钜,雨花台,3,89.73㎡,南北,2019年建造,"['南北', '满二年', '近地铁', '车位充足']",南京
雨花软件谷精装小户型三房 地铁口600米 通达全城,363,40787元/㎡,保利合肥城建·凤起云台,雨花台,3,89㎡,南,,"['大阳台', '户型方正', '轨交房', '车位充足']",南京
龙苑四村 南部新城 南北两房 单价不过三万 业主诚心卖,145,29246元/㎡,龙苑新寓四村,秦淮,2,49.58㎡,南,1997年建造,['南'],南京
南北通透 4室2厅 燕语华庭 精装修,438,33538元/㎡,燕语华庭,鼓楼,4,130.6㎡,南北,2005年建造,"['南北', '近地铁', '绿化率高']",南京
19豪装 钟山花园城博雅居 3室2厅 诚心出售 价格可谈,505,47945元/㎡,钟山花园城博雅居,玄武,3,105.33㎡,南北,2005年建造,"['南北', '满五年', '近地铁', '绿化率高']",南京
房源采光好，南北通透，业主诚意出,345,51516元/㎡,王府园小区,秦淮,2,66.97㎡,南,1988年建造,"['南', '房东急售']",南京
游小 金中 亏本 万科未来城77.61平78万2室2厅1卫,78,10051元/㎡,万科未来城,溧水,2,77.61㎡,南北,2020年建造,"['南北', '满二年', '近地铁', '车位充足']",南京
岔路口 南方花园清爽装修 实用三房 总价低,239,24865元/㎡,南方花园(东区),江宁,3,96.12㎡,南北,2003年建造,"['南北', '满五年', '近地铁']",南京
电建洺悦府(二期) 楼层 价,340,26209元/㎡,电建洺悦府(二期),栖霞,4,129.73㎡,南北,2019年建造,"['南北', '满二年', '次新房']",南京
雨花核心区 近河西鱼软件谷旁 央企华润品牌 云上润府车接车,475,43982元/㎡,华润置地中心·云上润府,雨花台,3,108㎡,南,,"['南北通透', '厨卫全明', '主卧套房', '高绿化率']",南京
急售，定坊和苑b区正规两室两厅，南北通透，精装新,179,23643元/㎡,定坊和苑B区,雨花台,2,75.71㎡,南北,2010年建造,"['南北', '满二年']",南京
亲水湾 南京南 实小 地铁口 满五年 有钥匙 电梯中间楼层,310,29384元/㎡,亲水湾花园,江宁,3,105.5㎡,南北,2010年建造,"['南北', '满五年', '近地铁', '绿化率高']",南京
降价40万 南部新城 多层洋房 豪华装修 6号线地铁 户型好,189,30994元/㎡,龙苑新寓一村,秦淮,2,60.98㎡,南北,1998年建造,"['南北通透', '满五', '房东急售']",南京
房源采光好，南北通透，业主诚意出,185,38374元/㎡,双塘里小区,秦淮,2,48.21㎡,南,1996年建造,"['南', '满五年', '近地铁', '多人关注']",南京
新街口核心 地铁口 顶奢商圈 特惠19万 七恒科技 豪宅公寓,318,53000元/㎡,香港置地·金陵中環,秦淮,1,60㎡,南北,,['多轨交'],南京
总价低！急售！79万93平三室精装万可拎包住,79,8475元/㎡,创维乐活城,溧水,3,93.22㎡,南北,2016年建造,"['南北', '满二年']",南京
南北通透 电梯房 81平 精装修 定坊嘉苑 房东急置换 可议,150,18519元/㎡,定坊嘉苑,雨花台,2,81㎡,南北,2017年建造,"['南北', '满二年', '多人关注']",南京
深业滨江半岛 拉小直属 俯瞰长江 满两年 看房随时,388,44501元/㎡,深业滨江半岛,鼓楼,2,87.19㎡,西,2018年建造,"['西', '满二年', '次新房']",南京
尧化门精装三室四室，来电立减20万，高科大品牌，专车接,335,31019元/㎡,高科·紫尧星院,栖霞,3,108㎡,南,,['车位充足'],南京
满五 住房 3室2厅 电梯房 莱蒙水榭阳光 采光好 周边商,291,32723元/㎡,莱蒙水榭阳光,雨花台,3,88.93㎡,南,2014年建造,"['南', '满五年', '车位充足']",南京
银城东苑中心位置 中高楼层 紫金山住宅 理工不占用 低价急售,598,45304元/㎡,银城东苑,玄武,3,132㎡,南北,2006年建造,"['南北', '配套成熟', '满五', '房东急售']",南京
电梯房 满二 1室1厅 朝南 47平 居家自住 保养好 可议,89,19206元/㎡,燕歌园,栖霞,1,46.34㎡,南,2013年建造,"['南', '热门小区', '近地铁', '新上小区']",南京
民水民电 37W拎包入住 包租2600 TZ,36,12000元/㎡,峯汇中心(商住楼),栖霞,1,30㎡,南北,2020年建造,"['南北', '满二年', '车位充足']",南京
江北核心区 三线地铁 育英二外 特惠9万 央企精装 万科物业,336,34640元/㎡,中铁建·万科花语熙岸,浦口,3,97㎡,南,,"['厨卫全明', '车位充足']",南京
房源采光好，南北通透，业主诚意出,112,13177元/㎡,绿地国际花都(二期)御峯,滨江开发区,2,85㎡,南,2018年建造,"['南', '有电梯', '次新房']",南京
业主直降30万！品牌家具家电全 带车位 随时可看 价可大谈,78,8682元/㎡,仙林国际花园,南京周边,3,89.85㎡,南北,2019年建造,"['南北', '满二年']",南京
丁家庄燕升园 双南两房 楼层佳 7号地铁口 价格好谈,133,20152元/㎡,燕升园1园,栖霞,2,66㎡,东南,2015年建造,"['东南', '满五年']",南京
玄武湖畔 中央门小市地铁口 满五 精装3室 地下室有钥匙,260,33402元/㎡,泰和园,鼓楼,3,77.84㎡,南北,2004年建造,"['热门小区', '南北通透', '配套成熟']",南京
良城美景 3房 精装修 边户 价格可谈 小区专家,390,34822元/㎡,良城美景,秦淮,3,112㎡,南北,2005年建造,"['南北', '近地铁']",南京
南北通透 4室1厅 仙鹤茗苑,193,21686元/㎡,仙鹤茗苑,玄武,4,89㎡,南北,2007年建造,"['南北', '近地铁', '配套成熟', '价格优惠']",南京
南北通透 2室2厅 上铁月桂园,179,20341元/㎡,上铁月桂园,栖霞,2,88㎡,南北,2013年建造,"['近地铁', '南北通透', '房东急售']",南京
高档小区，新出楼盘，品质好房，值得购买，有折扣优惠，先到先得,264,22957元/㎡,苏宁环球·荣锦瑞府,浦口,3,115㎡,南,,"['大户型', '多轨交', '高绿化率']",南京
10号线地铁口 众彩旁 万科物业 超大横厅 精装大三房 满两,320,26447元/㎡,时代天樾,江宁,3,121㎡,南北,2020年建造,"['南北', '近地铁', '稀缺户型', '房东急售']",南京
建邺区积贤雅苑3室2厅1卫1厨1阳台,380,42697元/㎡,积贤雅苑,建邺,3,89㎡,东,2014年建造,"['东', '近地铁']",南京
精装修 2室1厅 82平 天元城 朝南 楼层好 视野无遮挡,234,28320元/㎡,天元城,江宁,2,82.63㎡,南,2007年建造,"['南', '热门小区', '近地铁', '房东急售']",南京
鼓楼汉中门凤凰街小区，房源采光好，南北通透，业主诚意出,368,38001元/㎡,凤凰街72-82号双号小区,鼓楼,3,96.84㎡,南北,2000年建造,"['南北', '满二年', '近地铁']",南京
鼓楼金陵小区.中冶锦绣和轩优惠多多,332,40000元/㎡,中冶·锦绣和轩,鼓楼,2,83㎡,南,,[],南京
中南锦苑 朝南 电梯房 88平 房东急置换 诚意买房,345,38918元/㎡,中南锦苑,雨花台,3,88.65㎡,南,2017年建造,"['南', '满二年', '近地铁']",南京
血亏 游小 金中 肯德基创维佳园78平66万2室2厅1卫,66,8462元/㎡,创维佳园,溧水,2,78㎡,南北,2015年建造,"['南北', '热门小区', '房东急售', '随时可看']",南京
南北通透 3室1厅 企业力荐好房诚意出售,385,40117元/㎡,中电颐和家园尚玄,玄武,3,95.97㎡,南北,2009年建造,"['南北', '满五年', '近地铁']",南京
江北核中核 地铁口 480万方地下城旁 优惠楼盘,418,39810元/㎡,保利扬子萃云台,浦口,3,105㎡,南,,"['大阳台', '双卫生间', '主卧朝南', '车位充足']",南京
房源采光好，南北通透，业主诚意出,290,31764元/㎡,红森公寓,玄武,2,91.3㎡,南北,2001年建造,"['南北', '满五年', '近地铁']",南京
拼速度 海峡城 满五年 无贷款 不占 快点抢吧 错过没了,332,43168元/㎡,海峡城云珑湾,建邺,2,76.91㎡,南北,2015年建造,"['南北', '热门小区', '价格优惠', '房东急售']",南京
九龙湖板块别墅小区，面积大，总价低，简单装修，业主急售,430,25041元/㎡,颐和南园,江宁,3,171.72㎡,南,2007年建造,"['南', '价格优惠', '房东急售', '随时可看']",南京
紫金山下码坊地铁口 钟山花园城山水居 3室2厅 136平,640,46815元/㎡,钟山花园城山水居,玄武,3,136.71㎡,南北,2005年建造,"['南北', '满五年', '近地铁', '绿化率高']",南京
铁建大悦城联合打造，双地铁环绕，紧靠核心区域,320,30477元/㎡,天悦风华,浦口,3,105㎡,南,,['车位充足'],南京
3室1厅 燕歌园 精装修,188,21124元/㎡,燕歌园,栖霞,3,89㎡,东南,2013年建造,['东南'],南京
地铁口200米保利开发精装3房自住家具家电全,210,23368元/㎡,保利梧桐语,江宁,3,89.87㎡,南北,2016年建造,"['南北', '满五年', '近地铁']",南京
中海玄武公馆 低密度洋房 开发商精装一天未住 次新 急售,610,47844元/㎡,中海玄武公馆B区,玄武,3,127.5㎡,南北,2018年建造,"['南北', '满二年', '近地铁', '车位充足']",南京
新上捡漏 业主换房急售 南北通透 价格空间大 带车位,65,7927元/㎡,仙林悦城,南京周边,3,82㎡,南北,2019年建造,"['南北', '热门小区', '价格优惠', '房东急售']",南京
南北通透 满五 得房率高 采光好 户型方正 业主心诚,110,13300元/㎡,海润枫景花园,浦口,2,82.71㎡,南,2012年建造,"['南', '热门小区', '南北通透', '房东急售']",南京
捡漏 金域中央 中楼层 采光好 南师附中 7号线地铁口,325,38236元/㎡,金域中央街区1,鼓楼,2,85㎡,南北,2006年建造,"['南北', '满五年', '近地铁']",南京
竹山路地铁口.五号线口双规交汇，旭辉高端次新小区，好楼层急售,299,33581元/㎡,旭辉九著,江宁,3,89.04㎡,南北,2018年建造,"['南北', '满二年', '近地铁', '次新房']",南京
武定门现房 底跃带院子 秦淮河畔 来电有优惠,396,30000元/㎡,中冶锦绣珑湾,建邺,4,132㎡,南北,,"['大户型', '轨交房', '低容积']",南京
低于市场价30w出售 江北核心区 11号线地铁口 新江雅苑,119,14875元/㎡,新江雅苑,浦口,2,80㎡,南北,2016年建造,['南北'],南京
仙林湖，万达茂双地铁金中金小，精装大两房房东急售，价格可谈,280,32181元/㎡,金地湖城艺境,栖霞,2,87.01㎡,南北,2018年建造,"['南北', '满二年', '近地铁', '次新房']",南京
花语馨苑三室精装修，北小科利华，天街采光好，南北通透.诚意出,118,13410元/㎡,荣盛花语馨苑,六合,3,88㎡,南北,2016年建造,"['南北', '满二年', '近地铁']",南京
蓝海雅苑 高新地铁口500米 浦外 户型方正 两房朝南,119,14513元/㎡,蓝海雅苑,浦口,2,82㎡,南北,2020年建造,"['南北', '有电梯', '近地铁', '次新房']",南京
荬228W孝陵卫地铁口 佳诚花园边户3室总价低 南农实小弘光,243,30273元/㎡,佳诚花园,玄武,3,80.27㎡,南北,2000年建造,"['南北', '满五年', '近地铁']",南京
层高五米大开间 楼上再 13平使用面积,378,42472元/㎡,康藏路小区,鼓楼,3,89㎡,南北,2000年建造,"['南北', '满五年', '近地铁']",南京
5号线地铁口 万科龙湖旁 天泽苑 通透毛坯三房 换房急售,350,29167元/㎡,天泽苑,江宁,3,120㎡,南北,2015年建造,"['南北', '满五年', '近地铁']",南京
正南 3室2厅 东城雅筑,335,34770元/㎡,东城雅筑,秦淮,3,96.35㎡,南,2008年建造,"['南', '满五年', '车位充足']",南京
一楼带院子 2室1厅 金陵新三村 朝南 诚心出售 价格可议,125,24773元/㎡,金陵新三村,鼓楼,2,50.46㎡,南,1994年建造,"['南', '满五年', '近地铁', '绿化率高']",南京
樱驼花园东方城晨曦园 东边户 中间楼层 采光好 户型正,313,34145元/㎡,东方城晨曦园,玄武,2,91.67㎡,南,2008年建造,"['南', '满五年', '近地铁']",南京
招商1872依云和府 满二 住房 电梯房 精装修 诚心出售,318,35334元/㎡,招商1872依云和府,栖霞,3,90㎡,南,2018年建造,"['南', '满二年', '次新房']",南京
康居上江府 2室1厅 南北通透 精装修 80平 电梯房 采光,85,10625元/㎡,康居上江府,浦口,2,80㎡,南北,2019年建造,"['南北', '有电梯', '近地铁', '次新房']",南京
万科金域蓝湾 企业力荐诚意出售,458,39425元/㎡,万科金域蓝湾,江宁,3,116.17㎡,南北,2014年建造,"['南北', '满二年', '近地铁']",南京
碧桂园，开发商精装，未入住，采光好，满2年，有钥匙随时看！,141,11940元/㎡,碧桂园翡翠台,溧水,3,118.1㎡,南北,2018年建造,"['南北', '满二年', '近地铁', '次新房']",南京
新上 地铁口 保利刚改三房 位置 中间楼层 业主急售,302,33556元/㎡,保利国际社区(一期),栖霞,3,90㎡,南北,2018年建造,"['南北', '满五年', '次新房']",南京
急售急售 建邺区奥南阿里 永初路 双南 精装中间楼层 位置好,160,26473元/㎡,金穗花园,建邺,2,60.44㎡,南北,2012年建造,"['南北', '热门小区', '近地铁', '随时可看']",南京
新街口商圈丰富路明瓦廊张府园站曹都巷3室精装修,248,34445元/㎡,曹都巷小区,秦淮,3,72㎡,南,1987年建造,"['南', '满二年', '近地铁']",南京
南北通透 3室2厅 精装修 73平 朗诗未来街区(东区) 看,160,21734元/㎡,朗诗未来街区(东区),浦口,3,73.62㎡,南北,2014年建造,"['南北', '满五年', '近地铁']",南京
仙林湖 金地湖城艺境 精装三房 好楼层 随时看房 价格可谈,330,33836元/㎡,金地湖城艺境,栖霞,3,97.53㎡,南北,2018年建造,"['南北', '满二年', '近地铁', '次新房']",南京
拥金0.6 保真可看 楼层好 位置佳 阳光刺眼 欢迎随时咨询,360,37500元/㎡,仙龙湾山庄,栖霞,2,96㎡,南北,2012年建造,"['南北', '满五年', '近地铁']",南京
S7 卧龙湖站 大润发 开小 橡树城 洋房 婚装 102万,102,10000元/㎡,橡树城,溧水,3,102㎡,南北,2020年建造,"['南北', '满二年', '近地铁', '次新房']",南京
87平 2室2厅 精装修 电梯房 紫金南苑 看房方便 有钥匙,360,41380元/㎡,紫金南苑,玄武,2,87㎡,南北,2006年建造,"['南北', '满五年', '近地铁']",南京
林山雅苑 83平全明户型 76万可谈,83,9881元/㎡,林山雅苑,浦口,2,84㎡,南,2020年建造,"['南', '有电梯', '近地铁', '次新房']",南京
上城风景 三室二厅 南北通透 楼层好 精装修 设施拎包入住,235,21364元/㎡,上城风景(南区),栖霞,3,110㎡,南北,2008年建造,"['南北', '近地铁', '配套成熟', '价格优惠']",南京
急售 随时看 边户大两房 可做三房 赠地下室地下车位,370,39543元/㎡,康盛花园,雨花台,2,93.57㎡,南,2003年建造,"['南', '满五年', '近地铁', '绿化率高']",南京
秦虹小区 怡馨花园 3房2卫 南部新城 有固定车位,395,36968元/㎡,怡馨花园,秦淮,3,106.85㎡,南,2000年建造,"['南', '满五年', '近地铁']",南京
湖南路急售！270.00万元渊声巷24号小区南北多层[17,270,35800元/㎡,渊声巷24号小区,鼓楼,3,75.42㎡,南北,1990年建造,"['南北', '满五年', '近地铁']",南京
岔路口 经纬城市花园 精装三房 诚意出售南北通透,215,23201元/㎡,经纬城市花园,江宁,3,92.67㎡,南北,2004年建造,"['南北', '满五年', '近地铁', '绿化率高']",南京
金銮巷2号小区 3室1厅 火小 新街口 视野无遮,299,46719元/㎡,金銮巷2号小区,秦淮,3,64㎡,南北,1994年建造,"['南北', '满五年', '近地铁']",南京
燕子矶 晓庄万寿 中铁青秀城2房,265,30114元/㎡,中铁青秀城,栖霞,2,88㎡,南,2017年建造,['南'],南京
建邺区万达西地3室2厅2卫1厨1阳台,480,39670元/㎡,万达西地(商住楼),建邺,3,121㎡,南北,2010年建造,"['南北', '近地铁']",南京
急售 精装修 南北通透 地铁S1号线 楼层好 有钥匙,99,13874元/㎡,招商依云郡,江宁,2,71.36㎡,南北,2015年建造,"['南北', '有电梯']",南京
好赞好房 亚东城 板楼三居室 中上楼层 中心位置 有车位,400,37168元/㎡,亚东城(西区),栖霞,3,107.62㎡,南北,2010年建造,"['南北', '满五年', '近地铁', '绿化率高']",南京
2楼阳光好单价低新上房源看房议价钥匙房次新小区建宁路大桥南路,310,34832元/㎡,四平苑,鼓楼,2,89㎡,南北,2008年建造,"['南北', '满五年']",南京
满五 托乐嘉睦邻居 电梯房 3室2厅 精装修 诚心出售,312,30589元/㎡,托乐嘉睦邻居,江宁,3,102㎡,南北,2006年建造,"['南北', '满五年', '近地铁', '绿化率高']",南京
滨江和园 88平精装2房150万 全新保养 满5年 急卖,150,16931元/㎡,亚东滨江和园,浦口,2,88.6㎡,南北,2012年建造,"['南北', '满五年']",南京
南北通透 满五 住房 精装修 电梯房 双乐园小区 3室2厅,246,33787元/㎡,双乐园小区,秦淮,3,72.81㎡,南北,1985年建造,"['南北', '满五年', '近地铁']",南京
房源采光好，南北通透，业主诚意出,366,45387元/㎡,西桥花苑,鼓楼,2,80.64㎡,南,1996年建造,"['南', '满五年', '近地铁']",南京
捡漏房源 双地铁旁居家装修 房东低价出售 车位满两年,61.1,7362元/㎡,仙林悦城,南京周边,2,83㎡,南北,2019年建造,"['南北', '满二年', '绿化率高', '多人关注']",南京
融侨观邸 151户型 精装 采光刺眼 看房方便 看中可谈,371,24482元/㎡,融侨观邸,浦口,4,151.54㎡,南北,2014年建造,"['南北', '热门小区', '配套成熟', '稀缺户型']",南京
真 迈皋桥晓庄1号线地铁口 南师附中 电梯房 花园城旁急,285,31858元/㎡,海赋尚城一期,栖霞,3,89.46㎡,南,2000年建造,"['南', '有电梯']",南京
简单装修 66平 满五 住房 朝南 看房方便 有钥匙,137,20758元/㎡,燕升园1园,栖霞,2,66㎡,南,2015年建造,"['南', '满五年']",南京
不靠高速无噪音 将小南航旁 翠屏山站 托乐嘉贵邻居精装两房,288,30869元/㎡,托乐嘉花园,江宁,2,93.3㎡,南,2012年建造,"['南', '满五年', '近地铁', '绿化率高']",南京
建邺区涟城一期住宅3室2厅2卫1厨1阳台,599,42118元/㎡,涟城(一期),建邺,3,142.22㎡,南,2016年建造,"['南', '有电梯']",南京
大名城紫金九号119.8平605万3室2厅2卫,598,49917元/㎡,大名城紫金九号,雨花台,3,119.8㎡,南,2019年建造,"['南', '热门小区', '近地铁', '新上小区']",南京
燕子矶电建海赋尚城二期满二年业主亏本急售看房有钥匙欲购从速,275,30655元/㎡,海赋尚城二期,栖霞,3,89.71㎡,南,2018年建造,"['南', '满二年', '次新房']",南京
雄州地铁口 精装修 飞机户 家电家具全留 拎包入住,208,17356元/㎡,荣盛华府,六合,3,119.85㎡,南北,2016年建造,"['南北', '满二年', '近地铁']",南京
南站4.8米loft挑高 多加5W 定制装修 租金4500,57,14250元/㎡,绿地之窗,雨花台,1,40㎡,南北,2019年建造,"['南北', '满二年', '近地铁', '车位充足']",南京
89平 精装修 满二 住房 南北通透 电梯房 2室2厅 诚,60,6742元/㎡,恒大金碧天下,溧水,2,89㎡,南北,2015年建造,"['南北', '满二年']",南京
五条巷 云南路地铁 江苏路 西桥 云南路 大方巷 房源采光好,235,36685元/㎡,五条巷小区,鼓楼,3,64.06㎡,南,1990年建造,"['南', '满五年', '近地铁']",南京
新都一期东边户大三房 精装修 一天未住 双阳台好楼层,175,17049元/㎡,城开新都雅苑(一期),六合,3,102.65㎡,南北,2000年建造,"['南北', '满二年', '近地铁', '车位充足']",南京
朝南 电梯房 66平 凤悦北园 诚心出售 价格可议,132,20000元/㎡,凤悦北园,栖霞,2,66㎡,南,2017年建造,"['南', '满五年']",南京
满五 朝南 融筑儒林花园 电梯房 采光好 周边商圈成熟,271,30450元/㎡,融筑儒林花园,栖霞,3,89㎡,南,2019年建造,"['南', '满五年', '近地铁']",南京
南京 雨核 精装小三房 户型方正 房东诚售 有密码随时看房,350,39006元/㎡,龙湖天钜,雨花台,3,89.73㎡,南北,2020年建造,"['南北', '唯一住房', '近地铁', '车位充足']",南京
降价急售十号线国熙台边工业大学站 大润发 虹悦城 看房方便,305,33330元/㎡,中建国熙台一期,浦口,3,91.51㎡,南北,2018年建造,"['南北', '唯一住房', '近地铁', '车位充足']",南京
急急售 融信世纪东方 双地铁 万达旁 好楼层采光无任何遮挡,271,30450元/㎡,融筑儒林花园,栖霞,3,89㎡,南,2018年建造,"['南', '满二年', '近地铁']",南京
好房推荐 金穗花园 精装30万 带暖气 超低价228万急售,230,25406元/㎡,金穗花园,建邺,3,90.53㎡,南北,2009年建造,"['南北', '满五年', '近地铁']",南京
房源采光好，南北通透，业主诚意出,400,43645元/㎡,龙湖春江紫宸,鼓楼,3,91.65㎡,南,2018年建造,"['南', '满二年', '次新房']",南京
新城尚座 3室2厅 88平 电梯房 采光好 周边商圈成熟,249,28038元/㎡,新城尚座,栖霞,3,88.81㎡,南北,2010年建造,"['南北', '满五年']",南京
新上旭日景城 五塘双地铁 有产权车位 楼层好 诚心急售,386,36762元/㎡,旭日景城,鼓楼,3,105㎡,南北,2007年建造,"['南北', '近地铁', '绿化率高']",南京
竹山路 五号线地铁口 天泽苑电梯大三房 降价急售 看房随时,325,26640元/㎡,天泽苑,江宁,3,122㎡,南,2013年建造,"['南', '满五年', '近地铁']",南京
中铁青秀城二室一厅 企业力荐诚意出售,295,33147元/㎡,中铁青秀城,栖霞,2,89㎡,南,2017年建造,['南'],南京
五塘广场星河翠庭 精装修3房 看房随时 小区中央 双地铁口,372,35770元/㎡,星河翠庭,鼓楼,3,104㎡,南北,2000年建造,"['南北', '有电梯', '近地铁']",南京
急售五塘小市 金域中央 有车位 采光好随时看37号线双地铁,305,35466元/㎡,金域中央街区1,鼓楼,2,86㎡,南北,2006年建造,"['南北', '有电梯', '近地铁']",南京
开发商总包 再优惠 万科未来城 99平 3房2卫精装修,99,9941元/㎡,万科未来城,溧水,3,99.59㎡,南北,2022年建造,"['南北', '热门小区', '近地铁', '新上小区']",南京
盘城新居 南北通透 满五 视野无遮挡 捡漏好房 房等有有,99,11000元/㎡,盘城新居,浦口,3,90㎡,南北,2015年建造,"['南北', '公摊小', '价格优惠', '随时可看']",南京
燕子矶新城 海赋尚城 次新小区 电梯三房 业主急售 家电,274,31677元/㎡,海赋尚城二期,栖霞,3,86.5㎡,南北,2019年建造,"['南北', '满二年', '次新房']",南京
机会难得 总价低 超值通透三房 精装修 品牌物业 小区,176.5,25573元/㎡,招商方山里,江宁,3,69.02㎡,南北,2017年建造,"['南北', '满二年']",南京
精装修 满五 朝南 电梯房 诚心出售 价格可议,120,20690元/㎡,燕歌园,栖霞,2,58㎡,南,2013年建造,"['南', '满五年']",南京
高新区蓝海雅苑精装2房 价格极低 房主急用钱 好谈,103,14508元/㎡,蓝海雅苑,浦口,2,71㎡,南北,2019年建造,"['南北', '唯一住房', '近地铁', '次新房']",南京
南北通透 2室2厅 江雁依山郡 精装修,332,38285元/㎡,江雁依山郡,鼓楼,2,86.72㎡,南北,2010年建造,"['南北', '近地铁']",南京
一号线 笆斗山站 保利国际精装三房 中间楼层 低总价 换房急,305,33889元/㎡,保利国际社区(一期),栖霞,3,90㎡,南北,2017年建造,"['南北', '满二年']",南京
一楼带院 精装修 门口有停车位 户型好 采光好 诚心出售,308,41067元/㎡,十四所古平岗22号小区,鼓楼,3,75㎡,南北,2000年建造,"['南北', '满五年', '近地铁']",南京
真低价 燕子矶地铁口招商1872依云和府精装30W降价急售,280,31132元/㎡,招商1872依云和府,栖霞,3,89.94㎡,南,2018年建造,"['南', '满五年', '次新房']",南京
月牙湖 月牙湖花园 房无遮挡 性价比高 过度刚需的好选择,375,46325元/㎡,月牙湖花园,秦淮,2,80.95㎡,南北,2000年建造,"['南北', '满五年', '近地铁', '绿化率高']",南京
满五 正南 3室2厅 怡馨花园,370,33698元/㎡,怡馨花园,秦淮,3,109.8㎡,南,2000年建造,"['南', '满五年', '近地铁']",南京
正南 2室1厅 雅居乐花园 精装修,488,50482元/㎡,雅居乐花园,秦淮,2,96.67㎡,南,2011年建造,"['南', '满五年', '近地铁']",南京
燕子矶双地铁 南师附中附小，精装修，环境优美，体育公园,375,36765元/㎡,中海燕矶听潮C区,栖霞,3,102㎡,南,2021年建造,"['南', '满二年', '车位充足']",南京
新上2楼 采光好 不靠路 19年30万婚装 有钥匙价可谈,265,21200元/㎡,翠屏东南,江宁,3,125㎡,南北,2010年建造,"['南北', '满五年', '近地铁', '多人关注']",南京
莱蒙水榭阳光刚需小三房 随时看房,295,33147元/㎡,莱蒙水榭阳光,雨花台,3,89㎡,南北,2015年建造,"['南北', '满二年', '车位充足']",南京
东方兰园地铁口，南北通透，业主诚意出,358,32972元/㎡,绿城东方兰园,栖霞,3,108.58㎡,南,2018年建造,"['南', '满二年', '次新房']",南京
南北通透 2室2厅 金域中央街区1 精装修,365,39674元/㎡,金域中央街区1,鼓楼,2,92㎡,南北,2006年建造,"['南北', '有电梯', '近地铁']",南京
正南 3室1厅 富丽山庄 精装修,226,30976元/㎡,富丽山庄,秦淮,3,72.96㎡,南,2000年建造,"['南', '满五年', '近地铁']",南京
87平 南北通透 精装修 电梯房 2室2厅 楼层好 视野无遮,145,16631元/㎡,天润城十六街区(北区),浦口,2,87.19㎡,南北,2014年建造,"['南北', '满五年', '近地铁', '多人关注']",南京
不临街 旭日景城 精装两房 有车位 阳光好 二十九中 地铁口,299,36464元/㎡,旭日景城,鼓楼,2,82㎡,南北,2007年建造,"['南北', '满二年', '近地铁', '绿化率高']",南京
金地湖城艺境南北通透，户外风景优美，是您不悔的选择。,306,31302元/㎡,金地湖城艺境,栖霞,3,97.76㎡,南北,2019年建造,"['南北', '满二年', '近地铁', '次新房']",南京
自带商业街，自带 ，三期采光不挡，房子保养很清爽，看房随,430,37282元/㎡,万科金域蓝湾,江宁,3,115.34㎡,南,2013年建造,"['南', '近地铁']",南京
新上云谷山庄 精装边户三房 凤凰楼层 小区 急售全明,300,33708元/㎡,云谷山庄,鼓楼,3,89㎡,南北,2011年建造,"['南北', '近地铁', '绿化率高']",南京
天元城 中间好楼层 3室2厅1卫 294万 102平,294,28892元/㎡,天元城,江宁,3,101.76㎡,南北,2008年建造,"['南北', '满二年', '近地铁', '绿化率高']",南京
燕子矶 山水苑 2房 地铁6号线 万寿 晓庄,125,17858元/㎡,燕江新城山水苑,栖霞,2,70㎡,南,2000年建造,"['南', '有电梯']",南京
真 迈皋桥晓庄1号线地铁口 双南电梯房 位置好 诚心出售 急,130,18572元/㎡,燕江新城山水苑,栖霞,2,70㎡,南北,2018年建造,"['南北', '有电梯']",南京
价格可谈 地铁口 天润城7街区 精装2房 南北通透 超低总价,128,13914元/㎡,天润城第七街区,浦口,2,92㎡,南北,2008年建造,"['热门小区', '近地铁', '南北通透']",南京
精装修 南北通透 3室2厅 88平 电梯房 楼层好 视野无遮,157,17841元/㎡,金地自在城(一期),雨花台,3,88㎡,南北,2014年建造,"['南北', '满二年']",南京
急售 紫金南苑 精装修 南北通透 满五 3室2厅 楼层好,470,39831元/㎡,紫金南苑,玄武,3,118㎡,南北,2005年建造,"['南北', '满五年', '近地铁']",南京
网红街区 地铁口 通透户型 业主看中新房 急售 看房方便,455,51401元/㎡,招商雍和府,建邺,3,88.52㎡,南北,2000年建造,"['南北', '满二年', '近地铁', '次新房']",南京
燕升园1园 电梯房 简单装修 66平 采光好 周边商圈成熟,135,20455元/㎡,燕升园1园,栖霞,2,66㎡,南,2015年建造,"['南', '有电梯']",南京
电梯房 2室1厅 南北通透 亲水湾花园 精装修 采光好 周边,320,31994元/㎡,亲水湾花园,江宁,2,100.02㎡,南北,2016年建造,"['南北', '满五年', '近地铁', '绿化率高']",南京
新上房源 南湾营煦康苑 电梯两房 居家装修,125,19602元/㎡,南湾营煦康苑,栖霞,2,63.77㎡,南北,2009年建造,['南北'],南京
房源采光好，南北通透，业主诚意出,137,15394元/㎡,荣盛花语城(四期),六合,3,89㎡,南北,2020年建造,"['南北', '满二年', '车位充足']",南京
云南路 邻近地铁 闹中取静 配套齐全 西桥 随时可看 大胆来,320,44157元/㎡,云南路48-1号小区,鼓楼,3,72.47㎡,南北,1985年建造,"['南北', '满五年', '近地铁']",南京
新街口 石鼓路2楼 三室二厅 南北通透 全明豪华 婚装有钥匙,278,38083元/㎡,石鼓路小区,秦淮,3,73㎡,南北,1990年建造,"['南北', '满五年', '近地铁']",南京
房源采光好，南北通透，业主诚意出,375,30242元/㎡,中铁青秀城,栖霞,3,124㎡,南,2016年建造,"['南', '满二年']",南京
南部新城 秦虹小区 康安里 欧装3室 业主诚售,245,27314元/㎡,康安里住宅区,秦淮,3,89.7㎡,南,2000年建造,"['南', '满五年', '多人关注']",南京
4房2卫 次新房未住 地暖中央空调 青秀城 6号7号双地铁口,480,33803元/㎡,中铁青秀城,栖霞,4,142㎡,南北,2019年建造,"['南北', '近地铁', '稀缺户型', '随时可看']",南京
五塘广场 江雁依山郡 架空一楼带平台院子 南北通透 毛坯,310,38329元/㎡,江雁依山郡,鼓楼,3,80.88㎡,南北,2011年建造,"['南北', '满五年', '近地铁']",南京
新上旭日景城 精装三房 不临街 满五年有钥匙 五塘双地铁,450,37191元/㎡,旭日景城,鼓楼,3,121㎡,南北,2006年建造,"['南北', '近地铁', '绿化率高']",南京
南北通透 2室2厅 金基翠城 精装修,373,40216元/㎡,金基翠城,鼓楼,2,92.75㎡,南北,2006年建造,"['南北', '近地铁', '绿化率高']",南京
87平 电梯房 满五 朝南 3室1厅 诚心出售 价格可议,180,20690元/㎡,燕歌园,栖霞,3,87㎡,南,2013年建造,"['南', '满五年']",南京
百家湖21世纪国际公寓大B户型，业主诚售，看房随时，楼层也好,289,31938元/㎡,21世纪国际公寓(西区56-68),江宁,2,90.49㎡,南,2011年建造,"['南', '满二年', '近地铁']",南京
3室1厅 电梯房 燕江新城山水苑 南北通透 楼层好 视野好,130,18572元/㎡,燕江新城山水苑,栖霞,2,70㎡,南,2016年建造,"['南', '热门小区', '近地铁', '配套成熟']",南京
仙林 金鹰旁 南外 南师附小 采光很好 有钥匙 欢迎实地看房,305,33539元/㎡,赛世香樟园,栖霞,2,90.94㎡,南,2007年建造,"['南', '满二年', '近地铁']",南京
简单装修 满五 朝南 77平 2室2厅 楼层好 视野无遮挡,143,18486元/㎡,燕舞园,栖霞,2,77.36㎡,南,2013年建造,"['南', '满五年']",南京
紫元府三房，高楼层，地铁口，随时看,370,35715元/㎡,紫元府,江宁,3,103.6㎡,南北,2019年建造,"['南北', '满二年', '近地铁', '次新房']",南京
南部新城 保利堂悦 三房精装修 业主急卖,480,48102元/㎡,保利堂悦,秦淮,3,99.79㎡,南北,2018年建造,"['南北', '满二年', '近地铁', '次新房']",南京
南北通透 2室1厅 金陵新四村 精装修,132,20953元/㎡,金陵新四村,鼓楼,2,63㎡,南北,2000年建造,"['南北通透', '满五', '房东急售']",南京
电梯房 朝南 满五 77平 采光好 周边商圈成熟,155,20052元/㎡,燕舞园,栖霞,2,77.3㎡,南,2013年建造,"['南', '满五年']",南京
精装修 满五 住房 天润城第六街区 南北通透 房东急置换,145,13182元/㎡,天润城第六街区,浦口,3,110㎡,南北,2010年建造,"['南北', '满五年', '近地铁', '车位充足']",南京
价能谈 金域中央 婚装两房 楼层好 满五年 南师附中 地铁口,283,32907元/㎡,金域中央街区1,鼓楼,2,86㎡,南北,2009年建造,"['南北', '满五年', '近地铁', '多人关注']",南京
新上 急急 万达西地 全新精装2房 全明户型 采光视野好 地,390,48036元/㎡,万达西地,建邺,2,81.19㎡,南北,2010年建造,"['南北', '满二年', '近地铁']",南京
"急需用钱,便宜出售多层[17层]毛坯西",494,69627元/㎡,恒盛金陵湾,鼓楼,1,70.95㎡,西,2018年建造,"['西', '满二年', '次新房']",南京
富力尚悦居 现房！金陵中小 河西南 吾悦旁 抢！业主急售 快,198,19603元/㎡,富力尚悦居(一期),雨花台,3,101.01㎡,南北,2021年建造,"['南北', '热门小区', '配套成熟', '价格优惠']",南京
燕子矶新城 电梯两房 性价比高 看房有钥匙,133,19000元/㎡,燕江新城山水苑,栖霞,2,70㎡,南,2000年建造,['南'],南京
满五 天润城12街区 2室2厅 128万元 中装,128,18097元/㎡,天润城第十二街区,浦口,2,70.73㎡,南,2012年建造,"['南', '满五年', '近地铁']",南京
九中 精装1楼正规三室 拎包入住 院子带阳光房 随时可看有钥,265,40465元/㎡,如意里小区,玄武,3,65.49㎡,南北,1990年建造,"['南北', '满五年', '近地铁', '多人关注']",南京
房源采光好，南北通透，业主诚意出,330,53738元/㎡,王府园小区,秦淮,2,61.41㎡,南北,1988年建造,"['南北', '满五年', '近地铁']",南京
满五 南北通透 3室2厅 鑫园凯旋城 精装修,390,40099元/㎡,鑫园凯旋城,秦淮,3,97.26㎡,南北,1998年建造,"['南北', '满五年', '绿化率高']",南京
钟山花园城三室二厅 采光好 全明通透 居家装修,499,45919元/㎡,钟山花园城博雅居,玄武,3,108.67㎡,南北,2003年建造,"['南北', '满五年', '近地铁', '绿化率高']",南京
河西奥东地铁口莲花北苑小高层得房率超高性价比超高大三房可大刀,225,25281元/㎡,莲花新城北苑,建邺,3,89㎡,南北,2010年建造,"['南北', '满二年', '近地铁']",南京
紫金山脚下 墨香山庄 电梯房 业主 设施看房方便,258,28117元/㎡,墨香山庄,玄武,3,91.76㎡,南,2011年建造,"['南', '满二年', '绿化率高']",南京
地铁口1号线 三山街 来凤小区 仓顶小2房 低总价 低楼层,162,32400元/㎡,来凤小区(仓顶),秦淮,2,50㎡,南,1997年建造,"['南', '满二年', '近地铁', '车位充足']",南京
带车位 急售 3室2厅 电梯房 采光好 周边商圈成熟,370,31766元/㎡,招商1872依云和府,栖霞,3,116.48㎡,南,2018年建造,"['南', '满二年', '次新房']",南京
南北通透 3室2厅 升龙天汇珑熙 精装修,520,53531元/㎡,升龙天汇珑熙,建邺,3,97.14㎡,南北,2000年建造,"['南北', '满二年', '近地铁']",南京
高楼门 科利华 双南一北全明户型 中楼层采光不挡 装修好诚售,408,59131元/㎡,高楼门46号小区,玄武,3,69㎡,南,2000年建造,"['南', '满五年', '近地铁', '车位充足']",南京
紫金南苑捡漏 两房 总价低 业主急卖,353,38408元/㎡,紫金南苑,玄武,2,91.91㎡,南北,2012年建造,"['南北', '近地铁']",南京
紫金南苑 精装两房 地铁沿线 带地暖 景观房 换房急售,395,42977元/㎡,紫金南苑,玄武,2,91.91㎡,南北,2008年建造,"['南北', '满五年', '近地铁']",南京
弘阳时光里 大开间全新精装两房双卫 小区人车分流 临近地铁口,135,21639元/㎡,弘阳时光里二期,浦口,2,62.39㎡,南北,2017年建造,"['南北', '满五年', '近地铁']",南京
精装修 满五 住房 2室1厅 月苑三村 65平 看房方便,185,28462元/㎡,月苑三村,玄武,2,65㎡,南北,2000年建造,"['南北', '满五年']",南京
浦外分校 87平 南北通透 精装修 朗诗未来街区(西区),168,19311元/㎡,朗诗未来街区(西区),浦口,3,87㎡,南北,2017年建造,"['南北', '满五年', '近地铁']",南京
江雁依山郡 满五 电梯房 精装修 南北通透 3室2厅 采光好,479,34256元/㎡,江雁依山郡,鼓楼,3,139.83㎡,南北,2015年建造,"['南北', '满五年', '近地铁']",南京
桥北天润城第十二街区165.00万元多层[17层]南北,165,18534元/㎡,天润城第十二街区,浦口,3,89.03㎡,南北,2012年建造,"['南北', '满五年', '近地铁', '多人关注']",南京
急售天润城第十街区82平136万 价格便宜 难找好房,136,16586元/㎡,天润城第十街区,浦口,2,82㎡,南北,2010年建造,"['南北', '满五年', '近地铁', '多人关注']",南京
房源采光好，南北通透，业主诚意出,409,44447元/㎡,保利堂悦,秦淮,3,92.02㎡,南,2018年建造,"['南', '满二年', '近地铁', '次新房']",南京
方兴 方兴精装自住 换房急售 看房议价 总价低南堡新寓,139,32110元/㎡,南堡新寓,鼓楼,2,43.29㎡,南北,1998年建造,"['南北', '热门小区', '近地铁', '房东急售']",南京
花语城 精装20万 通透小3房 满5年 全新未住 随时看房,115,12821元/㎡,荣盛花语城(一期),六合,3,89.7㎡,南北,2016年建造,"['南北', '满五年', '车位充足']",南京
融筑儒林花园 豪华装修 电梯房 南北通透 看房方便 有钥匙,460,37097元/㎡,融筑儒林花园,栖霞,3,124㎡,南北,2020年建造,"['南北', '满二年', '近地铁', '车位充足']",南京
房东急售！白菜价！快来捡漏！,108,8538元/㎡,亚东同城逸境,溧水,3,126.5㎡,南北,2017年建造,"['南北', '满五年', '近地铁']",南京
竹山路 花园洋房 南北通透户型 中间楼层 客厅带大阳台哦,247,29280元/㎡,雍景园小区,江宁,2,84.36㎡,南北,2013年建造,"['南北', '满五年']",南京
扬子江隧道口 开发商精装华润国际社区 满二 采光好 配套好,307,34495元/㎡,华润国际社区,浦口,3,89㎡,南北,2016年建造,"['南北', '满二年', '车位充足']",南京
电梯房 94平 北门桥路3号小区 精装修 满五 房东急置换,288,30593元/㎡,北门桥路3号小区,玄武,2,94.14㎡,东北,1998年建造,"['东北', '满五年', '近地铁']",南京
新上湖景房 全新未入住 全方位采光 急售 随时看房,280,28866元/㎡,金地湖城艺境,栖霞,3,97㎡,南,2018年建造,"['南', '满二年', '近地铁', '次新房']",南京
力小29本部 宁海路 汉口西路 西康路3号 双南一北 精装,625,73904元/㎡,西康路3号小区,鼓楼,3,84.57㎡,南,1990年建造,"['南', '满五年', '近地铁']",南京
房源采光好，南北通透，业主诚意出,163,26022元/㎡,锁金三村,玄武,2,62.64㎡,西南,1984年建造,"['西南', '房东急售']",南京
房源采光好，南北通透，业主诚意出,320,30770元/㎡,天元城,江宁,3,104㎡,南,2007年建造,"['南', '满五年', '近地铁', '绿化率高']",南京
急售！房东降价15万 ！房源采光好，南北通透，业主诚意出售,199,23213元/㎡,紫杨佳园,秦淮,3,85.73㎡,南,2017年建造,"['南', '满二年']",南京
房源采光好，南北通透，业主诚意出,240,29272元/㎡,金粟庵小区,秦淮,3,81.99㎡,南,2000年建造,"['南', '满五年', '近地铁']",南京
颐和南园总高11层精装大三房，南北通透，业主诚意出售,419,31038元/㎡,颐和南园,江宁,3,135㎡,南,2015年建造,"['南', '满二年', '近地铁', '绿化率高']",南京
百家湖必看大3房 亚都天元居 电梯房 楼层采光好 看房有钥匙,308,27308元/㎡,亚都天元居,江宁,3,112.79㎡,南北,2009年建造,"['南北', '满二年', '近地铁']",南京
满五 南北通透 3室2厅 万达紫金明珠,355,28762元/㎡,万达紫金明珠,秦淮,3,123.43㎡,南北,2006年建造,"['南北', '满五年']",南京
竹山路地铁站 竹小竹中 精装三房 边户 好楼层 拎包入住,240,25672元/㎡,天泰花园,江宁,3,93.49㎡,南北,2000年建造,"['南北', '满二年', '近地铁']",南京
电梯房 满二 3室2厅 99平 朝南 中电颐和 A区 急售,330,33100元/㎡,中电颐和府邸A区,栖霞,3,99.7㎡,南,2018年建造,"['南', '满二年', '近地铁', '车位充足']",南京
南北通透 电梯房 鲁能公馆89平 诚心出售 价格可谈,430,49723元/㎡,鲁能公馆(建邺),建邺,3,86.48㎡,南北,2018年建造,"['南北', '满二年', '近地铁', '绿化率高']",南京
中山陵脚下 铁匠营1号 三室 下马坊 都市山庄旁,209,33483元/㎡,铁匠营小区,玄武,3,62.42㎡,南北,1998年建造,"['南北', '近地铁']",南京
中央路 科利华 双南一北全明户型 采光好 居家装修 业主诚售,340,49854元/㎡,中央路298号小区,玄武,3,68.2㎡,南北,2000年建造,"['南北', '满二年', '近地铁']",南京
梅花山庄中沁苑低楼层，精装修，边户,368,39317元/㎡,梅花山庄,秦淮,2,93.6㎡,南,2000年建造,"['南', '满五年', '近地铁', '绿化率高']",南京
玄武湖畔 小市五塘地铁口 恒盛嘉园 精装暖气 满五年3房2厅,243,28589元/㎡,恒盛嘉园,鼓楼,3,85㎡,南北,2007年建造,"['南北', '满五年', '近地铁']",南京
精装修 南北通透 99平 3室2厅 楼层好 视野无遮挡,140,14071元/㎡,新桥家园,浦口,3,99.5㎡,南北,2014年建造,"['南北', '满二年', '近地铁', '多人关注']",南京
恒大绿洲精装大三房 无贷款无户 高楼层阳光好 产权清晰有钥匙,359,28047元/㎡,恒大绿洲,江宁,3,128㎡,南北,2012年建造,"['南北', '满二年', '近地铁', '绿化率高']",南京
急售 三房纯边户 中楼层 随时看房 价格好谈,235,26405元/㎡,清荷园北园,建邺,3,89㎡,南北,2013年建造,"['南北', '满二年', '近地铁']",南京
南师附小 东边户全明户型 采光佳 大石桥老虎桥 多套对比,368,48963元/㎡,进香河10-16号(双号),玄武,3,75.16㎡,南北,2000年建造,"['南北', '满五年', '近地铁']",南京
小区 一套，急降80万，50平阳光房，超大私人露台，带车位,310,29742元/㎡,新城香悦澜山,栖霞,3,104.23㎡,南北,2018年建造,"['南北', '满五年', '近地铁', '次新房']",南京
百利广场旁 青春街区 四开间朝南好户型,162,13729元/㎡,朗诗青春街区,江宁,4,118㎡,南,2019年建造,"['南', '满二年', '次新房']",南京
南北通透 3室1厅 都市山庄 精装修,277,36491元/㎡,都市山庄,玄武,3,75.91㎡,南北,2005年建造,"['南北', '满二年', '近地铁', '绿化率高']",南京
大树根小区 低总价3房 低楼层 双南一北 急售 有钥匙,399,66247元/㎡,大树根小区,玄武,3,60.23㎡,南北,1995年建造,"['南北', '满五年', '近地铁']",南京
滨江嘉园 拎包入住 环境优美,108,17705元/㎡,滨江嘉园,浦口,2,61㎡,南,2015年建造,"['南', '满二年', '近地铁']",南京
店长极力推荐 滨江嘉园 精装65平 随时看,107,16462元/㎡,滨江嘉园,浦口,2,65㎡,南北,2017年建造,"['南北', '满二年', '近地铁']",南京
房源采光好，南北通透，业主诚意出,190,18621元/㎡,世纪东山,江宁,2,102.04㎡,南,2012年建造,"['南', '热门小区', '配套成熟', '房东急售']",南京
鑫园小区96.12平359万2室2厅2卫,359,37350元/㎡,鑫园小区,秦淮,2,96.12㎡,南北,2003年建造,"['南北', '满五年']",南京
房源采光好，南北通透，业主诚意出,188,20216元/㎡,成山公寓,江宁,3,93㎡,南,2005年建造,"['南', '满五年', '近地铁']",南京
新上湖景房！240度视野无遮挡 豪装85万 懂的来,320,27587元/㎡,万达茂御湖仕家三期,栖霞,3,116㎡,南,2017年建造,"['南', '满五年', '近地铁', '多人关注']",南京
88平 满五 住房 电梯房 南北通透 房东急置换 诚意买房,208,23559元/㎡,中航樾公馆,江宁,3,88.29㎡,南北,2017年建造,"['南北', '满五年', '近地铁']",南京
急售 科利华 高楼门2房 可改3房 双南 超高性价比,300,41650元/㎡,高楼门20-1号小区,玄武,2,72.03㎡,南北,1990年建造,"['南北', '满五年', '近地铁', '车位充足']",南京
新模范马路地铁口 一楼带院子 婚装未住 南北通透 看房有钥匙,238,41755元/㎡,工人新村(鼓楼区),鼓楼,2,57㎡,南北,1990年建造,"['南北', '满五年', '近地铁']",南京
182万精装二房丨旭日上城三期丨中高楼层丨业主急售,182,20920元/㎡,弘阳旭日上城三区,浦口,2,87㎡,南,2016年建造,"['南', '满二年', '近地铁', '绿化率高']",南京
急售 高新地铁口 新城花漾紫郡 全新精装大三房 浦外旁,192,20147元/㎡,新城花漾紫郡,浦口,3,95.3㎡,南北,2015年建造,"['南北', '满二年', '近地铁']",南京
江南明珠！南部新城！中间楼层带露台！产权车位！三室两卫！,356,33918元/㎡,万达江南明珠,秦淮,3,104.96㎡,南北,2008年建造,"['南北', '满五年', '绿化率高']",南京
急直降40万迈皋桥晓庄1号线 金浦御龙湾双阳台南北通透29中,357,30990元/㎡,金浦御龙湾H区,栖霞,3,115.2㎡,南,2017年建造,"['南', '满五年', '多人关注']",南京
精装修 3室2厅 金地自在城(六期) 满五 看房方便 有钥匙,208,19173元/㎡,金地自在城(六期),雨花台,3,108.49㎡,南北,2016年建造,"['南北', '满五年', '车位充足']",南京
69平 满五 住房 2室1厅 电梯房 南北通透 馨合家园,135,19580元/㎡,馨合家园,栖霞,2,68.95㎡,南北,2017年建造,"['热门小区', '近地铁', '南北通透']",南京
急售 万寿双地铁口 东方兰园 绿城物业 采光好 招商花园城,278,32822元/㎡,绿城东方兰园,栖霞,2,84.7㎡,南北,2000年建造,"['南北', '有电梯']",南京
81平 岗子村地铁 满五 锁金村4号小区 楼层好 视野无遮挡,270,33150元/㎡,锁金村4号小区,玄武,3,81.45㎡,南,1988年建造,"['南', '满五年', '近地铁']",南京
银城旭辉上淮铂悦府 带露台 随时看房 上秦淮板块 低密度小区,760,44706元/㎡,银城旭辉上淮铂悦府,江宁,5,170㎡,南北,2019年建造,"['南北', '热门小区', '配套成熟', '房东急售']",南京
双地铁 有钥匙 精装修带地暖 诚心卖 配套成熟交通便利,278,31591元/㎡,中铁青秀城,栖霞,2,88㎡,南,2019年建造,"['南', '满二年', '次新房']",南京
西华龙樾 毛坯3室2厅2卫 次顶楼 三开间朝南 满2,285,32387元/㎡,西华龙樾,浦口,3,88㎡,南北,2020年建造,"['南北', '满二年', '近地铁', '次新房']",南京
房源采光好，南北通透，业主诚意出,235,26405元/㎡,祥和雅苑(东区),栖霞,3,89㎡,南,2012年建造,"['南', '有电梯']",南京
急售 佳邻美居 三室二厅 南北通透 精装 设施,220,24192元/㎡,赞成佳邻美居,栖霞,3,90.94㎡,南北,2010年建造,"['南北', '满五年']",南京
廖家巷社区 3室1厅 南北通透 满五 住房 62平 简单装,350,55866元/㎡,廖家巷社区,玄武,3,62.65㎡,南北,1989年建造,"['南北', '满五年', '近地铁']",南京
房源采光好，南北通透，业主诚意出,573,57215元/㎡,恒盛金陵湾,鼓楼,2,100.15㎡,南,2015年建造,"['南', '满五年']",南京
正南 2室1厅 五十五所西华门宿舍区 精装修,330,40496元/㎡,五十五所西华门宿舍区,秦淮,2,81.49㎡,南,2004年建造,"['南', '满五年', '近地铁']",南京
88平 电梯房 朝南 3室1厅 诚心出售 价格可议,118,13410元/㎡,麒麟紫荆城锁石苑,江宁,3,88㎡,南,2018年建造,"['南', '满二年', '次新房']",南京
电梯房 3室2厅 朝南 莱蒙水榭阳光 满五 112平 有钥匙,320,28572元/㎡,莱蒙水榭阳光,雨花台,3,112㎡,南,2014年建造,"['南', '满五年', '车位充足']",南京
房源采光好 南北通透 业主诚意出,340,31717元/㎡,玉带园小区,秦淮,3,107.2㎡,南,1992年建造,"['南', '满五年', '近地铁']",南京
燕子矶1号万寿站地铁6号7号证 招商花园城 华润万象天地,379,34405元/㎡,弘阳燕江府,栖霞,3,110.16㎡,南北,2019年建造,"['南北', '满二年', '次新房']",南京
河西奥东板块地铁口莲花南苑大三房性价比超高采光好南北通透,195,21839元/㎡,莲花新城南苑,建邺,3,89.29㎡,南,2013年建造,"['南', '满二年', '近地铁']",南京
好房推荐 正荣润峯 精装三房 品质楼盘 诚心低价卖 看房方便,570,57304元/㎡,正荣润峯,建邺,3,99.47㎡,南北,2018年建造,"['热门小区', '南北通透', '房东急售']",南京
有钥匙 五塘小市 金域中央 精装三房 好楼层 满五年 地铁口,395,35910元/㎡,金域中央街区1,鼓楼,3,110㎡,南北,2010年建造,"['南北', '满五年', '近地铁']",南京
拒绝虚 ，精致装修，居住舒适，采光良好，微风习习,175,20115元/㎡,恒永西苑,雨花台,3,87㎡,南北,2015年建造,"['南北', '人气热搜']",南京
73平 旭光里小区 简单装修 满五 看房方便 有钥匙,220,30026元/㎡,旭光里小区,秦淮,3,73.27㎡,南,1990年建造,"['南', '满五年', '近地铁']",南京
中医药房改房，得房率高，有车位，精装修，双南一北,460,47141元/㎡,杏聚村,鼓楼,3,97.58㎡,南北,2000年建造,"['南北', '满五年', '近地铁']",南京
莲花北苑地铁口，豪华装修三房，中间楼层，采光刺眼,208,23637元/㎡,莲花新城北苑,建邺,3,88㎡,南,2018年建造,"['南', '满五年', '近地铁', '次新房']",南京
五矿晏山居 花园洋房一楼前后院子 带地暖 中央空调 采光足,570,67793元/㎡,五矿晏山居,玄武,3,84.08㎡,南北,2016年建造,"['南北', '满五年', '近地铁']",南京
新街口省中医院市妇幼旁 天妃巷 二楼 三房 精装 采光好,218.9,35304元/㎡,天妃巷小区,秦淮,3,62㎡,南北,1990年建造,"['南北', '满五年', '近地铁', '多人关注']",南京
满五 住房 南北通透 悦恒君铂国际 2室1厅 看房方便 有,255,31079元/㎡,悦恒君铂国际,江宁,2,82.05㎡,南北,2012年建造,"['南北', '满二年', '近地铁']",南京
南北通透 3室2厅 电梯房 精装修 100平 满二 房东急置,335,33417元/㎡,中海燕矶听潮C区,栖霞,3,100.25㎡,南北,2019年建造,"['南北', '满二年', '车位充足']",南京
新上好房，左邻右里二室二厅，秦淮河边，一线江景房,239,27380元/㎡,左邻右里,江宁,2,87.29㎡,南,2004年建造,"['南', '满五年', '近地铁']",南京
威尼斯19街区 精装大三房 南北通透 中上楼层 次新小区,200,18027元/㎡,威尼斯水城第十九街区,浦口,3,110.95㎡,南北,2020年建造,"['南北', '满二年', '次新房', '多人关注']",南京
带电梯 多层洋房 新空毛坯 边户全明 满5年 有钥匙 价可谈,305,26785元/㎡,翠屏国际城广场苑,江宁,3,113.87㎡,南北,2012年建造,"['南北', '满五年', '近地铁', '绿化率高']",南京
中楼层 来凤 仙鹤 好出租 太平苑 业主好说话,143,27914元/㎡,太平雅苑,秦淮,2,51.23㎡,南,1997年建造,"['南', '热门小区', '配套成熟', '价格优惠']",南京
南京南站 四条地铁环绕 去哪儿都方便 来电有优惠,50,12500元/㎡,绿地之窗,雨花台,2,40㎡,南北,2019年建造,"['南北', '满二年', '近地铁', '车位充足']",南京
莱蒙水榭阳光 楼栋楼层好 精装自住 满五 诚售,258,28989元/㎡,莱蒙水榭阳光,雨花台,3,89㎡,南,2016年建造,"['南', '满五年', '车位充足']",南京
万达西地好房必卖 空调有暖气 万达西地 暖色系温馨大两房,360,41012元/㎡,万达西地,建邺,2,87.78㎡,南北,2000年建造,"['南北', '满二年', '近地铁']",南京
南北通透 94平 满五 电梯房 精装修 看房方便 有钥匙,165,17529元/㎡,浦泰和天下(三期),浦口,3,94.13㎡,南北,2016年建造,"['南北', '满五年', '近地铁', '车位充足']",南京
雄州房主狂甩高品质好房精装修132万元多层127平,132,10338元/㎡,德邑花园,六合,3,127.69㎡,南北,2012年建造,"['热门小区', '南北通透', '配套成熟']",南京
燕子矶新城次新房地铁口中央空调带地暖 30平大露台,290,32955元/㎡,海赋尚城一期,栖霞,3,88㎡,南,2017年建造,"['南', '满二年']",南京
南邮广场 诚品城 200多万买三房 家门口 边户,214,23386元/㎡,学仕风华苑,栖霞,3,91.51㎡,南北,2008年建造,"['南北', '满二年', '次新房']",南京
急售 科利华 一楼带院子 台城花园 百子亭后 双南精装 拎包,338,49706元/㎡,峨嵋路小区,玄武,2,68㎡,南北,1992年建造,"['南北', '满五年', '近地铁']",南京
业主房子已买！降价30万急售！采光视野不挡 保养好 看房随时,420,50603元/㎡,五矿崇文金城,建邺,2,83㎡,南北,2018年建造,"['南北', '满二年', '近地铁', '次新房']",南京
真实在售 汉中门大街凤凰三村 双南全明户型 紧靠地铁超市配套,255,37550元/㎡,凤凰三村,鼓楼,3,67.91㎡,南北,1994年建造,"['南北', '满五年', '近地铁', '车位充足']",南京
急售，恒安嘉园149.00平355万3室2厅2卫，出行方便，,348,23356元/㎡,恒安嘉园,江宁,3,149㎡,南北,2008年建造,"['南北', '满五年', '近地铁']",南京
房源采光好，南北通透，业主诚意出,220,24720元/㎡,莲花新城嘉园,建邺,3,89㎡,南,2013年建造,"['南', '满二年', '近地铁']",南京
房东挂价八十一万卖 系统限制价格不让发 两卫户型,95,10568元/㎡,馨怡嘉园,溧水,2,89.9㎡,南北,2015年建造,"['南北', '近地铁', '配套成熟', '价格优惠']",南京
南北通透 2室1厅 东井村3号小区,150,26256元/㎡,东井村3号小区,鼓楼,2,57.13㎡,南北,2000年建造,"['南北', '有电梯', '近地铁']",南京
北京城建西华龙樾复式精装三房50万 南北通透 全明诚售 急急,355,35500元/㎡,西华龙樾,浦口,3,100㎡,南北,2020年建造,"['南北', '满二年', '近地铁', '次新房']",南京
4.8米挑高公寓！现房！民用水电！可精装可毛坯！文鼎广场旁,52,13000元/㎡,中粮悦天地公寓,江宁,2,40㎡,南北,2020年建造,"['南北', '满二年', '近地铁', '次新房']",南京
房源采光好，南北通透，业主诚意出,180,22500元/㎡,幕府山庄,栖霞,3,80㎡,南北,2000年建造,"['南北', '满五年']",南京
房源娃 二十九中不后悔采光好，南北通透，业主诚意出,440,68622元/㎡,清凉山庄,鼓楼,3,64.12㎡,南北,1992年建造,"['南北', '满五年', '近地铁']",南京
有钥匙 南北三房 户型方正 铁心桥翠岭银河 位置好 降价急售,200,22472元/㎡,翠岭银河,雨花台,3,89㎡,南,2009年建造,"['南', '满五年', '近地铁', '绿化率高']",南京
管家式服务 万科璞悦山精装三房一楼带前后院子 看房方便,260,31097元/㎡,万科璞悦山,浦口,3,83.61㎡,南北,2018年建造,"['南北', '满二年', '次新房']",南京
房源采光好，南北通透，业主诚意出,245,26221元/㎡,大华锦绣华城香榭美颂,浦口,2,93.44㎡,南,2012年建造,"['南', '满五年', '绿化率高']",南京
急卖 急卖降价26万 恒温恒湿 高科技房 交通方便 双地铁,428,36473元/㎡,保利朗诗蔚蓝,栖霞,3,117.35㎡,南北,2020年建造,"['南北', '满二年', '近地铁', '次新房']",南京
弓箭坊高层住宅小区68.04平220万2室1厅1卫,220,32334元/㎡,弓箭坊高层住宅小区,秦淮,2,68.04㎡,北,1999年建造,"['北', '满五年', '近地铁']",南京
急售 燕子矶万寿双地铁口 青秀城 次新房 招商花园城旁 急售,303,34421元/㎡,中铁青秀城,栖霞,3,88.03㎡,南北,2000年建造,"['南北', '有电梯']",南京
百家湖地铁口 高档小区 南航旁 北中 中航樾府精装三房双卫,338,34685元/㎡,中航樾府,江宁,3,97.45㎡,南,2000年建造,"['南', '满二年', '近地铁']",南京
急售 燕子矶67号线地铁口 招商花园城旁 海赋尚城 南师,335,34184元/㎡,海赋尚城二期,栖霞,3,98㎡,南北,2000年建造,"['热门小区', '南北通透', '配套成熟']",南京
燕子矶核心区 三地铁环绕 央企保利 南外仙林 热销前三有优惠,320,32324元/㎡,保利·燕璟和颂,栖霞,3,99㎡,南,,['车位充足'],南京
万寿双地铁口精装三房全明户型南北通透配套完善交通方便业主急售,298,33988元/㎡,招商1872依云华府,栖霞,3,87.68㎡,南,2019年建造,"['南', '满二年', '次新房']",南京
楼层 满二 精装修带墙暖 朝南 房间外拓,318,32606元/㎡,金地湖城艺境,栖霞,3,97.53㎡,南,2016年建造,"['南', '热门小区', '近地铁', '配套成熟']",南京
天润城第十街区 飞机户三房 精装修 采光充足 近地铁口 急售,162,18000元/㎡,天润城第十街区,浦口,3,90㎡,南北,2012年建造,"['南北', '满五年', '近地铁', '多人关注']",南京
江北核心区 万科花语熙岸 抄底好房 找我团购优惠,336,34640元/㎡,中铁建·万科花语熙岸,浦口,3,97㎡,南,,"['南北通透', '厨卫全明', '动静分离', '车位充足']",南京
南北通透 86平 莱蒙水榭阳光 精装修 居家自住 保养好,245,28243元/㎡,莱蒙水榭阳光,雨花台,3,86.75㎡,南北,2016年建造,"['南北', '热门小区', '配套成熟', '价格优惠']",南京
急售 燕子矶万寿双地铁口 青秀城 次新房 招商花园城旁 急售,298,33853元/㎡,中铁青秀城,栖霞,3,88.03㎡,南,2016年建造,"['南', '热门小区', '稀缺户型', '随时可看']",南京
降价40万 南部新城 多层洋房 豪华装修 6号线地铁 户型好,189,30994元/㎡,龙苑新寓一村,秦淮,2,60.98㎡,南北,1998年建造,"['南北通透', '满五', '房东急售']",南京
银城东苑中心位置 中高楼层 紫金山住宅 理工不占用 低价急售,598,45304元/㎡,银城东苑,玄武,3,132㎡,南北,2006年建造,"['南北', '配套成熟', '满五', '房东急售']",南京
央企保利燕核CBD门户标杆产品，双地铁，私享会所，公园大盘,287,32248元/㎡,保利·燕璟和颂,栖霞,3,89㎡,南,,['车位充足'],南京
天润城16街区北区 2室2厅 163万元 精装,163,18132元/㎡,天润城十六街区(北区),浦口,2,89.9㎡,南北,2016年建造,"['南北', '满二年', '近地铁']",南京
迈皋桥二十九中旁金浦御龙湾全明边户南北通透业主急售,287,32259元/㎡,金浦御龙湾H区,栖霞,3,88.97㎡,南,2018年建造,"['南', '满二年', '次新房', '多人关注']",南京
真 迈皋桥燕子矶1号线地铁口 融创中海旁 南师附中 非顶楼,362,32910元/㎡,弘阳燕江府,栖霞,3,110㎡,南北,2016年建造,"['南北', '有电梯']",南京
新上捡漏 业主换房急售 南北通透 价格空间大 带车位,65,7927元/㎡,仙林悦城,南京周边,3,82㎡,南北,2019年建造,"['南北', '热门小区', '价格优惠', '房东急售']",南京
地铁口江雁依山郡新出收证 一楼带平台大两房业主诚心降价急售,310,35633元/㎡,江雁依山郡,鼓楼,2,87㎡,南,2000年建造,"['南', '近地铁']",南京
玄武湖畔 中央门小市地铁口 满五 精装3室 地下室有钥匙,260,33402元/㎡,泰和园,鼓楼,3,77.84㎡,南北,2004年建造,"['热门小区', '南北通透', '配套成熟']",南京
燕子矶 中海燕矶听潮C区 满二 精装修4室2厅两卫 急售急,435,33985元/㎡,中海燕矶听潮C区,栖霞,4,128㎡,南,2021年建造,"['南', '满二年', '车位充足']",南京
高档小区，新出楼盘，品质好房，值得购买，有折扣优惠，先到先得,264,22957元/㎡,苏宁环球·荣锦瑞府,浦口,3,115㎡,南,,"['大户型', '多轨交', '高绿化率']",南京
精装修 2室1厅 82平 天元城 朝南 楼层好 视野无遮挡,234,28320元/㎡,天元城,江宁,2,82.63㎡,南,2007年建造,"['南', '热门小区', '近地铁', '房东急售']",南京
丁家庄 燕舞园 满五 3室 电梯房 诚心出售 价格可议,175,19969元/㎡,燕舞园,栖霞,3,87.64㎡,南,2013年建造,"['南', '满五年', '多人关注']",南京
经理推荐，115万可售，欢迎咨询,125,13889元/㎡,麒麟紫荆城泉水苑,江宁,3,90㎡,南北,2016年建造,"['南北', '配套成熟', '稀缺户型', '房东急售']",南京
地铁口 中海燕矶听潮C区 精装修 满二 朝南 房东急置换,335,33169元/㎡,中海燕矶听潮C区,栖霞,3,101㎡,南,2020年建造,"['南', '热门小区', '满五', '随时可看']",南京
鼓楼金陵小区.中冶锦绣和轩优惠多多,332,40000元/㎡,中冶·锦绣和轩,鼓楼,2,83㎡,南,,[],南京
"急需用钱,便宜出售南北通透 3房 随时看房看中好谈 急卖",425,48857元/㎡,佳和园,鼓楼,3,86.99㎡,南北,2018年建造,"['南北', '满二年', '近地铁', '次新房']",南京
急售婚装30万 带车位 仙林悦城 南北通透 随时看房,65,7927元/㎡,仙林悦城,南京周边,3,82㎡,南,2020年建造,"['南', '满五年', '绿化率高', '多人关注']",南京
双地铁 西边户楼层佳 随时看房 业主忍痛 价格可聊,335,31426元/㎡,中铁青秀城,栖霞,3,106.6㎡,南,2016年建造,"['南', '满二年']",南京
新街口核心 地铁口 顶奢商圈 特惠19万 七恒科技 豪宅公寓,318,53000元/㎡,香港置地·金陵中環,秦淮,1,60㎡,南北,,['多轨交'],南京
贾西地铁口 精装三房 精装交付 带地暖 中高楼层,370,42529元/㎡,龙湖天钜,雨花台,3,87㎡,南北,2019年建造,"['南北', '满二年', '近地铁', '车位充足']",南京
3室2厅 电梯洋房 二次居家精装 拎包可入住 价格可谈,161.6,17377元/㎡,南京碧桂园浅山苑,滨江开发区,3,93㎡,南北,2018年建造,"['南北', '热门小区', '稀缺户型', '价格优惠']",南京
莉湖春晓三室两厅，全屋精装，采光好，小区环境舒适,116,13173元/㎡,荣盛莉湖春晓,六合,3,88.06㎡,南北,2016年建造,"['南北', '满二年', '近地铁']",南京
房源采光好，南北通透，业主诚意出,170,20128元/㎡,明发浦泰梦幻家,雨花台,3,84.46㎡,南,2017年建造,"['南', '配套成熟', '价格优惠', '房东急售']",南京
江北新区 核中核 精装 三房 倒挂楼盘 地铁沿线,418,39810元/㎡,保利扬子萃云台,浦口,3,105㎡,南,,"['大阳台', '双卫生间', '主卧朝南', '车位充足']",南京
急售好房 南北通透 装修保养好 拎包入住 采光刺眼 雨润大街,385,49480元/㎡,和府奥园,建邺,2,77.81㎡,南,2013年建造,"['南', '近地铁', '南北通透', '满五']",南京
仁恒物业！月牙湖畔！中间楼层三开间朝南！得房率高！好房随时看,460,38108元/㎡,梅花山庄,秦淮,3,120.71㎡,南北,1998年建造,"['南北', '满五年', '近地铁', '绿化率高']",南京
宋都南郡 和昌湾景 富力尚悦居 精装三房 满2年 业主急售,205,23125元/㎡,宋都南郡(南区),雨花台,3,88.65㎡,南,2015年建造,"['南', '满二年']",南京
中粮悦天地公寓 精装修 挑高现房 看房方便 有钥匙,49,12250元/㎡,中粮悦天地公寓,江宁,2,40㎡,南北,2019年建造,"['南北', '热门小区', '近地铁', '配套成熟']",南京
正南 2室1厅 企业力荐好房诚意出售,129,19546元/㎡,凤悦北园,栖霞,2,66㎡,南,1999年建造,"['南', '热门小区', '南北通透', '配套成熟']",南京
新出！ 威尼斯水城第十街区带阁楼带露台,128,14713元/㎡,威尼斯水城第十街区,浦口,3,87㎡,南北,2012年建造,"['南北通透', '稀缺户型', '公摊小']",南京
南京 雨核软件谷 S3地铁口 精装修大三房 房东急售 有钥匙,350,38889元/㎡,龙湖天钜,雨花台,3,90㎡,南北,2020年建造,"['南北', '满二年', '近地铁', '车位充足']",南京
江核前湾 中海观江樾 330W 特惠房源 大悦城地铁口,376,34182元/㎡,中海观江樾,浦口,3,110㎡,南,,"['大户型', '车位充足']",南京
银城东苑精装三房两房的价格买三房南北通透有钥匙看房随时方便,598,45625元/㎡,银城东苑,玄武,3,131.07㎡,南北,2005年建造,"['南北', '热门小区', '稀缺户型', '房东急售']",南京
精装修 金科博翠花园 朝南 3室2厅 满二 楼层好 视野无遮,386,40209元/㎡,金科博翠花园,栖霞,3,96㎡,南,2020年建造,"['南', '热门小区', '价格优惠', '随时可看']",南京
代理房源 不临街 价你定欢迎咨询 价比好房 中层精装双南,215,31976元/㎡,云谷山庄,鼓楼,2,67.24㎡,南北,2012年建造,"['南北', '热门小区', '稀缺户型', '价格优惠']",南京
中垠 小区中间不临街 双南三房 满两年,288,33303元/㎡,中垠紫金观邸,栖霞,3,86.48㎡,南北,2019年建造,"['南北', '满二年', '近地铁', '车位充足']",南京
雨花核心区 软件谷 码农 双地铁 免费专车接 有团购优惠,363,40787元/㎡,保利合肥城建·凤起云台,雨花台,3,89㎡,南,,"['大阳台', '户型方正', '轨交房', '车位充足']",南京
高科荣境二期 高质量品质小区 人车分流 金中金小 双地铁,468,50274元/㎡,高科荣境2期,栖霞,3,93.09㎡,南,2015年建造,"['南', '满二年', '近地铁']",南京
急售 尚书云邸 电梯房 2室 简单装修 诚心出售,269,31280元/㎡,尚书云邸,江宁,2,86㎡,南北,2017年建造,"['南北', '满二年']",南京
朗诗未来街区 精装修三房 南北通透 全新未住 风景优美,170,19102元/㎡,朗诗未来街区(西区),浦口,3,89㎡,南北,2015年建造,"['南北', '热门小区', '房东急售']",南京
铁建大悦城联合打造，双地铁环绕，紧靠核心区域,320,30477元/㎡,天悦风华,浦口,3,105㎡,南,,['车位充足'],南京
高科荣境2期 金中 金小 电梯房 双地铁,419,45059元/㎡,高科荣境2期,栖霞,3,92.99㎡,南,2015年建造,"['南', '满五年', '近地铁']",南京
交通便利 业主诚心出售 周围设施齐全 挥泪出售,232,35264元/㎡,武定新村,秦淮,2,65.79㎡,南北,1995年建造,"['南北', '热门小区', '稀缺户型', '满五']",南京
急售 万寿6 7号线地铁口 招商1872 精装 出门地铁,253,32935元/㎡,招商1872依云华府,栖霞,2,76.82㎡,南,2000年建造,"['南', '有电梯']",南京
高新地铁口 浦外旁 弘阳时光里 全新精装3房 南北通透户型,210,22827元/㎡,弘阳时光里一期,浦口,3,92㎡,南北,2015年建造,"['南北', '满二年', '近地铁', '次新房']",南京
金陵星图 精装三房 配套成熟 找我看房有折扣 看房接 青奥,334,29558元/㎡,金陵星图,浦口,3,113㎡,南,,"['南北通透', '大阳台', '双卫生间']",南京
滨江新城 时光印象 精装出售 家电设施齐全 随时看房价格可谈,140,15713元/㎡,弘阳禹洲时光印象,滨江开发区,3,89.1㎡,南,2019年建造,"['南', '热门小区', '近地铁', '房东急售']",南京
秦虹小区 武定新村 三房 价格可谈 房主诚心售,162,24624元/㎡,武定新村,秦淮,3,65.79㎡,南,1989年建造,"['南', '热门小区', '南北通透', '满五']",南京
时光里二期 婚装两房 基本未入住 全天采光 大开 视野,140,22454元/㎡,弘阳时光里二期,浦口,2,62.35㎡,南北,2017年建造,"['南北', '满五年', '近地铁', '次新房']",南京
精装30万 全新未入住 低总价湖景房！带车位 满五,280,29167元/㎡,万达茂御湖仕家三期,栖霞,3,96㎡,南,2017年建造,"['南', '热门小区', '近地铁', '房东急售']",南京
陶苑 满五 正南 2室2厅，性价比高，价格可谈,158,19037元/㎡,陶苑,江宁,2,83㎡,南,2009年建造,"['南', '配套成熟', '房东急售', '随时可看']",南京
满五 正南 2室2厅 银城东苑 精装修,410,41360元/㎡,银城东苑,玄武,2,99.13㎡,南,2008年建造,"['南', '热门小区', '南北通透', '配套成熟']",南京
正南 5室3厅 银河湾卓苑 精装修,176,19131元/㎡,银河湾卓苑,栖霞,5,92㎡,南,2015年建造,"['南', '稀缺户型', '房东急售', '随时可看']",南京
武定门现房 底跃带院子 秦淮河畔 来电有优惠,396,30000元/㎡,中冶锦绣珑湾,建邺,4,132㎡,南北,,"['大户型', '轨交房', '低容积']",南京
国熙台二期 精装三房 中间楼层 低总价 虹悦城旁 急售,305,31771元/㎡,中建国熙台二期,浦口,3,96㎡,南北,2020年建造,"['南北', '满二年', '近地铁', '车位充足']",南京
总价110万 精装交付 配套完善 近万达欢乐港商业 地铁口,129.4,14764元/㎡,保利观棠和府,六合,3,87.65㎡,南北,2020年建造,"['南北', '满二年', '近地铁', '车位充足']",南京
恒大滨江 开发商精装 近地铁 满两年 楼层好 价格好 采光好,355,40132元/㎡,恒大滨江,鼓楼,2,88.46㎡,南,2020年建造,"['南', '热门小区', '近地铁', '房东急售']",南京
业主诚售燕江新城燕归苑双南两房配套齐全楼层好采光佳看房随时,120,17143元/㎡,燕江新城燕归苑,栖霞,2,70㎡,南,2017年建造,"['南', '有电梯']",南京
来电有优惠 江北新区 精装低密度洋房 现房 即住,336,28000元/㎡,金隅紫京叠院(新房),浦口,3,120㎡,南,,"['南北通透', '双卫生间', '低容积']",南京
朗诗未来街区(东区) 电梯房 满五 住房 74平 房东急置,155,20938元/㎡,朗诗未来街区(东区),浦口,3,74.03㎡,南北,2017年建造,"['南北', '满五年', '近地铁']",南京
抢 捡漏房 新城双本 总监推荐 中高楼层 采光刺眼 保养好,545,58634元/㎡,万科光明城市西苑,建邺,2,92.95㎡,南,2009年建造,"['南', '满五年', '近地铁', '车位充足']",南京
燕子矶中海燕矶听潮满2中层 品质小区 南师附中附小 急售,370,36927元/㎡,中海燕矶听潮C区,栖霞,3,100.2㎡,南,2021年建造,"['南', '满五年', '车位充足']",南京
一线江景 燕矶核心 5套内部高管保留房 团购优惠 详情请私聊,344,36990元/㎡,宝能滨江府(新房),栖霞,3,93㎡,南,,"['南北通透', '厨卫全明', '双阳台', '车位充足']",南京
桥林上江府靠近地铁口俩房 房主诚心急售 低价76万 好楼层,83,10375元/㎡,康居上江府,浦口,2,80㎡,南,2019年建造,"['南', '近地铁', '次新房']",南京
南北通透 精装修 2室2厅 满五 住房 楼层好 视野无遮挡,162,18236元/㎡,威尼斯水城第十九街区,浦口,2,88.84㎡,南北,2019年建造,"['南北', '热门小区', '近地铁', '新上小区']",南京
精装修 地铁口 莲花北苑 南北通透 采光好 周边商圈成,193,21932元/㎡,莲花新城北苑,建邺,3,88㎡,南北,2009年建造,"['南北', '有电梯', '近地铁', '多人关注']",南京
满五 精装修 3室2厅 中航樾公馆 南北通透 楼层好,209,23672元/㎡,中航樾公馆,江宁,3,88.29㎡,南北,2017年建造,"['南北', '满五年', '近地铁', '绿化率高']",南京
特价房 龙湖天曜 精装修三房 龙湖天街旁 看房随时 车接车,340,29566元/㎡,龙湖天曜城,浦口,3,115㎡,南,,"['大户型', '轨交房', '车位充足']",南京
西桥花苑 精装三房 低楼层 正规小区 地铁旁 业主诚售,395,46824元/㎡,西桥花苑,鼓楼,3,84.36㎡,南,1996年建造,"['南', '满五年', '近地铁']",南京
迈皋桥二十九中旁金浦御龙湾全明边户南北通透业主急售,270,30327元/㎡,金浦御龙湾FG区,栖霞,2,89.03㎡,南,2017年建造,"['南', '有电梯', '近地铁', '车位充足']",南京
2楼 采光不挡 不占 朋友的房子 欢迎咨询底价,350,52263元/㎡,王府园小区,秦淮,2,66.97㎡,南,2000年建造,"['南', '满二年', '近地铁']",南京
拼速度 海峡城 满五年 无贷款 不占 快点抢吧 错过没了,332,43168元/㎡,海峡城云珑湾,建邺,2,76.91㎡,南北,2015年建造,"['南北', '热门小区', '价格优惠', '房东急售']",南京
馨选好房~燕子矶 晓庄万寿 绿城东方兰园 中铁青秀城 次顶,369,29881元/㎡,中铁青秀城,栖霞,3,123.49㎡,南,2016年建造,"['南', '满二年']",南京
限高出台 挑高公寓 以后再无 赶紧下手 拥有即,49,12250元/㎡,中粮悦天地公寓,江宁,2,40㎡,南北,2020年建造,"['南北', '满二年', '近地铁', '次新房']",南京
房源采光好，南北通透，业主诚意出,122,14510元/㎡,朗诗未来家,滨江开发区,3,84.08㎡,南,2014年建造,"['南', '满五年']",南京
